Team,Name,Age,G,MP,PER,TS%,3PAr,FTr,ORB%,DRB%,TRB%,AST%,STL%,BLK%,TOV%,USG%,OWS,DWS,WS,WS/48,OBPM,DBPM,BPM,VOR
ATL,Dennis Schroder,23,79,2485,16.1,0.533,0.242,0.21,1.9,9,5.5,35.5,1.5,0.6,16.3,27.8,1.2,2.5,3.7,0.071,0.7,-1.4,-0.7,0.8
ATL,Paul Millsap,31,69,2343,17.8,0.542,0.248,0.417,5.3,19.5,12.5,17.9,1.9,2.3,12.1,24.4,2.6,3.8,6.4,0.132,0.5,2.1,2.7,2.7
ATL,Dwight Howard,31,74,2199,20.8,0.627,0.003,0.692,15,31.7,23.5,7.8,1.4,3.6,17.5,19.2,3.8,4.5,8.3,0.181,-0.5,2.8,2.3,2.4
ATL,Tim Hardaway,24,79,2154,15.2,0.568,0.457,0.235,1.8,9.5,5.7,14.3,1.3,0.6,9.5,22.5,2.7,2.1,4.8,0.107,1.3,-1.5,-0.3,0.9
ATL,Kent Bazemore,27,73,1963,11.5,0.504,0.369,0.233,2.6,10.3,6.5,14.2,2.3,2.3,13.6,20.5,-0.6,2.8,2.1,0.052,-2,1.2,-0.8,0.6
ATL,Thabo Sefolosha,32,62,1596,11.9,0.519,0.304,0.19,3.8,14.7,9.3,9.9,3,1.7,11.9,13.3,0.6,2.7,3.3,0.098,-1.9,3.1,1.2,1.3
ATL,Malcolm Delaney,27,73,1248,7.5,0.456,0.284,0.24,0.9,9.8,5.4,23.1,1.5,0.1,18.1,18.3,-1.2,1.3,0.1,0.005,-4.6,-1.3,-5.9,-1.2
ATL,Mike Muscala,25,70,1237,14.4,0.596,0.326,0.19,6.9,14.4,10.7,11.9,1.2,2.8,13.1,14.8,1.8,1.6,3.4,0.132,-0.4,1.5,1.1,1
ATL,Taurean Waller-Prince,22,59,981,9.8,0.513,0.358,0.33,2.8,14.6,8.8,8.4,2.2,2.4,15.7,17.2,-0.4,1.5,1.1,0.054,-3.8,1.5,-2.3,-0.1
ATL,Kyle Korver,35,32,894,10.8,0.591,0.646,0.11,0,10.8,5.5,12.6,1.3,1.2,13.4,14.5,0.7,1,1.6,0.088,-0.5,0.1,-0.4,0.4
ATL,Kris Humphries,31,56,689,13.6,0.514,0.252,0.383,9.7,23,16.4,6.4,1.1,2.6,10.1,17.6,0.6,1.1,1.6,0.115,-3,0.3,-2.7,-0.1
ATL,Ersan Ilyasova,29,26,633,13.5,0.53,0.407,0.288,7.4,18.7,13.1,10.6,1.7,1.1,11.8,19.9,0.5,0.9,1.4,0.106,-0.6,0.5,-0.2,0.3
ATL,Mike Dunleavy,36,30,475,11.9,0.597,0.592,0.2,3.1,12.5,7.9,9.5,0.9,0.9,9,14.3,0.7,0.5,1.2,0.12,-0.2,-0.8,-1,0.1
ATL,DeAndre' Bembry,22,38,371,8.8,0.481,0.184,0.163,4.2,13.1,8.7,11.5,1.1,1.2,13.2,14.2,-0.1,0.4,0.3,0.038,-4.4,0.1,-4.3,-0.2
ATL,Jose Calderon,35,17,247,8.7,0.504,0.526,0.14,3.2,11,7.1,21.6,0.8,0,19.9,13.3,0.1,0.2,0.3,0.051,-2.8,-1.4,-4.2,-0.1
ATL,Mike Scott,28,18,195,5.9,0.36,0.458,0.136,5.7,15,10.4,12.5,1,1.3,11.3,15.8,-0.3,0.2,-0.1,-0.014,-5.3,-0.1,-5.3,-0.2
ATL,Ryan Kelly,25,16,110,7.8,0.408,0.357,0.214,1,16.7,9,10.2,1.8,3.9,11.5,13.7,-0.1,0.2,0.1,0.029,-6.2,2.3,-3.9,-0.1
ATL,Lamar Patterson,25,5,40,-1.9,0.276,0.4,0.2,2.8,16.3,9.6,21.1,1.2,0,19.7,22.2,-0.2,0,-0.1,-0.176,-9.9,-1.2,-11.2,-0.1
ATL,Gary Neal,32,2,18,-4.3,0.228,0.286,0.571,0,6,3.1,7.1,0,0,0,21.2,-0.1,0,-0.1,-0.189,-11.8,-4.9,-16.6,-0.1
ATL,Edy Tavares,24,1,4,13.1,0.532,0,2,0,27.1,13.7,0,0,0,0,20.5,0,0,0,-0.047,-8.1,-7,-15.1,0
BOS,Isaiah Thomas,27,76,2569,26.5,0.625,0.439,0.441,1.9,7,4.4,32.5,1.4,0.4,10.7,34,10.9,1.6,12.5,0.234,8.7,-3.3,5.4,4.8
BOS,Marcus Smart,22,79,2399,12,0.486,0.443,0.334,3.7,10.4,7.1,22,2.6,1.2,15.6,18.8,0.5,2.7,3.2,0.064,-1.1,0.9,-0.3,1
BOS,Jae Crowder,26,72,2335,14.9,0.613,0.547,0.301,2.3,17.3,9.9,10.1,1.6,0.8,8.9,17,4.1,2.5,6.7,0.137,1.4,0.2,1.6,2.1
BOS,Al Horford,30,68,2193,17.7,0.553,0.302,0.169,4.9,18.6,11.8,24.4,1.2,3.2,11.8,19.7,3.6,2.7,6.3,0.138,1,2,3.1,2.8
BOS,Avery Bradley,26,55,1835,14.4,0.548,0.357,0.12,4,16.2,10.1,11,1.8,0.5,9.7,21.9,1.1,2,3.1,0.081,-0.2,-0.4,-0.5,0.7
BOS,Amir Johnson,29,80,1608,15,0.628,0.178,0.27,8.3,17,12.7,13,1.6,3.2,15.7,13.6,2.9,2.1,5,0.149,-0.2,2.4,2.2,1.7
BOS,Kelly Olynyk,25,75,1538,15.3,0.603,0.378,0.242,5.3,20.7,13.1,15.2,1.4,1.5,14.6,19,2.2,1.9,4.1,0.127,0.1,0.5,0.7,1
BOS,Jaylen Brown,20,78,1341,10.3,0.539,0.319,0.293,3.8,14.4,9.1,7.2,1.3,1.1,12.5,18.1,0.2,1.3,1.5,0.053,-3.1,-0.9,-4,-0.7
BOS,Terry Rozier,22,74,1263,10.9,0.466,0.436,0.161,3.6,16.3,10,15.2,1.8,0.7,9.7,17.1,0,1.4,1.4,0.054,-2.5,0,-2.5,-0.2
BOS,Jonas Jerebko,29,78,1232,9.3,0.537,0.496,0.141,5.4,19.1,12.3,8.1,1,1.1,12.3,11.4,0.8,1.3,2.1,0.08,-2.4,0.3,-2.1,0
BOS,Gerald Green,31,47,538,11.9,0.524,0.478,0.177,3.3,13.9,8.7,9.8,0.8,1.1,9.1,22.7,0.1,0.4,0.6,0.05,-2,-2.8,-4.7,-0.4
BOS,Tyler Zeller,27,51,525,13,0.508,0.006,0.247,9.2,17,13.2,12.2,0.7,3.3,10.2,16.5,0.5,0.6,1,0.094,-3.3,0.8,-2.5,-0.1
BOS,James Young,21,29,220,10,0.549,0.603,0.155,3.1,10,6.6,2.6,2.3,0.7,6.1,13.3,0.1,0.2,0.3,0.076,-2,-1.1,-3.1,-0.1
BOS,Jordan Mickey,22,25,141,9.8,0.473,0.029,0.412,10.4,16.4,13.4,7.1,1.1,3.5,18.3,15.5,-0.1,0.2,0.1,0.036,-5.7,0.9,-4.9,-0.1
BOS,Demetrius Jackson,22,5,17,30.8,0.753,0.25,1.5,13.2,13,13.1,28.2,0,0,0,17.3,0.1,0,0.1,0.386,9.2,-2.8,6.3,0
BRK,Brook Lopez,28,75,2222,20.4,0.578,0.33,0.311,5.8,13.3,9.6,14.8,0.8,4.2,12.1,29.2,3.1,1.8,4.9,0.105,1.9,-0.4,1.5,2
BRK,Rondae Hollis-Jefferson,22,78,1761,13.7,0.517,0.124,0.467,5.8,21.1,13.6,13.4,2.2,1.9,15.1,18.7,0.4,2.2,2.6,0.07,-2.9,1.9,-1,0.4
BRK,Sean Kilpatrick,27,70,1754,13.1,0.546,0.419,0.329,1.3,15.4,8.4,14.6,1.2,0.3,13.8,23.8,0.4,1.1,1.4,0.04,-1.2,-1.8,-3,-0.4
BRK,Trevor Booker,29,71,1754,15.7,0.554,0.132,0.186,8.7,25.5,17.2,12.9,2,1.2,16.6,18.7,1,2.2,3.1,0.086,-1.6,1.7,0.1,0.9
BRK,Isaiah Whitehead,21,73,1643,7.6,0.487,0.293,0.222,2.1,9.7,5.9,17.7,1.2,1.7,20.3,18.2,-1.7,0.9,-0.8,-0.023,-4.3,-0.6,-4.9,-1.2
BRK,Bojan Bogdanovic,27,55,1482,13,0.572,0.453,0.273,1.7,12.3,7,10.1,0.8,0.2,12,22.5,1,0.6,1.6,0.052,-0.4,-2.6,-3,-0.4
BRK,Spencer Dinwiddie,23,59,1334,12.7,0.581,0.334,0.526,2.2,10.7,6.5,20.3,1.6,1.3,15.1,14.1,1.9,0.9,2.8,0.101,-0.7,-0.2,-0.9,0.4
BRK,Randy Foye,33,69,1284,7.3,0.506,0.625,0.194,0.8,11.9,6.4,15.2,1.3,0.5,18.5,14.4,-0.6,0.7,0.2,0.006,-3,-1,-3.9,-0.6
BRK,Caris LeVert,22,57,1237,12.3,0.556,0.484,0.245,2,13.9,8,13.7,1.9,0.5,12.3,16.6,0.8,1,1.8,0.07,-0.7,-0.4,-1.1,0.3
BRK,Justin Hamilton,26,64,1177,13.6,0.55,0.475,0.137,6.5,17,11.8,7.3,1.2,2.8,9.7,16.2,1,1,2.1,0.084,-0.9,0.2,-0.8,0.4
BRK,Joe Harris,25,52,1138,9,0.558,0.61,0.135,1.5,12,6.8,7.3,1.2,0.5,12.5,16.5,0.1,0.6,0.8,0.032,-1.4,-1.5,-3,-0.3
BRK,Jeremy Lin,28,36,883,19.2,0.566,0.39,0.353,1.3,14.7,8.1,35.5,2.3,1.2,15.7,26.6,1.3,0.8,2.1,0.116,2.5,-0.4,2.2,0.9
BRK,Quincy Acy,26,32,510,13.1,0.587,0.542,0.373,3.8,18.2,11.1,5.4,1.3,2.2,9.6,16.5,0.6,0.5,1.1,0.102,-1.1,-0.7,-1.8,0
BRK,Luis Scola,36,36,461,13.9,0.55,0.331,0.245,11.9,19.9,16,12.7,1.4,0.7,16.9,18.7,0.4,0.4,0.8,0.082,-0.8,-0.4,-1.1,0.1
BRK,K.J. McDaniels,23,20,293,12.5,0.556,0.386,0.277,3.3,15.3,9.4,4.9,1.9,2.6,14.4,19.3,0,0.3,0.3,0.046,-3.2,-0.4,-3.7,-0.1
BRK,Anthony Bennett,23,23,264,14.7,0.533,0.522,0.391,10.2,21,15.6,7.1,0.9,0.9,10,19.4,0.3,0.2,0.5,0.09,-0.8,-2.2,-3,-0.1
BRK,Archie Goodwin,22,12,184,18.6,0.633,0.213,0.525,4.1,11.9,8.1,20.8,1,1.6,15.7,20.7,0.4,0.1,0.5,0.131,0.3,-1.4,-1,0
BRK,Yogi Ferrell,23,10,151,6.5,0.482,0.551,0.327,2.8,5.5,4.2,16.9,0.6,1,20,19.9,-0.2,0,-0.2,-0.05,-4,-3.3,-7.3,-0.2
BRK,Andrew Nicholson,27,10,111,5,0.43,0.324,0.059,3.9,21.7,12.9,4,2.1,0,14.7,15.8,-0.2,0.1,-0.1,-0.03,-6.8,-1,-7.8,-0.2
BRK,Chris McCullough,21,14,72,16.8,0.541,0.194,0.097,13.4,11.6,12.5,4.9,0.7,2.1,5.8,20.4,0.1,0,0.1,0.098,-0.9,-3,-3.8,0
BRK,Greivis Vasquez,30,3,39,4.1,0.376,0.375,0.375,0,5.4,2.7,17.5,1.2,1.9,9.7,11.3,0,0,0,-0.006,-5.7,-1.8,-7.5,-0.1
CHO,Kemba Walker,26,79,2739,21.3,0.569,0.415,0.248,1.8,10.6,6.2,29.1,1.6,0.7,9.5,29.2,5.9,2.2,8.1,0.142,5.3,-1.7,3.6,3.9
CHO,Nicolas Batum,28,77,2617,15.8,0.529,0.415,0.291,1.9,18.4,10.1,27.7,1.6,1,15,22.3,1.7,2.8,4.6,0.084,0.7,0.6,1.2,2.1
CHO,Michael Kidd-Gilchrist,23,81,2349,14.3,0.528,0.015,0.314,7.3,19.3,13.2,7.4,1.7,2.9,7.4,14.6,2.7,3.1,5.8,0.119,-2,2.2,0.2,1.3
CHO,Marvin Williams,30,76,2295,13.7,0.551,0.503,0.213,4.2,19.8,12,7.1,1.3,2,7.2,16.3,2.4,2.6,5,0.105,-0.3,0.5,0.2,1.3
CHO,Frank Kaminsky,23,75,1954,13,0.502,0.441,0.195,3.2,15.8,9.5,13.5,1.2,1.5,8,21.8,0.4,1.9,2.3,0.056,-0.8,-0.8,-1.5,0.2
CHO,Marco Belinelli,30,74,1778,13.3,0.566,0.46,0.273,0.9,10.2,5.5,13.1,1.2,0.4,9.2,19.2,2,1.2,3.2,0.087,0.1,-2,-1.9,0.1
CHO,Cody Zeller,24,62,1725,16.7,0.604,0.002,0.442,8.6,17.3,12.9,9.1,1.8,3,10.9,15.5,3.4,2.2,5.6,0.157,-0.2,2.3,2.1,1.8
CHO,Jeremy Lamb,24,62,1143,17,0.55,0.297,0.263,2.9,22.6,12.7,11.3,1.2,1.8,6.8,23.2,1.4,1.3,2.7,0.115,-0.8,-0.9,-1.7,0.1
CHO,Ramon Sessions,30,50,811,12.4,0.495,0.236,0.449,1.5,8.5,4.9,24.2,1.7,0.3,12.7,20.1,0.3,0.6,0.9,0.055,-2.4,-2.2,-4.6,-0.5
CHO,Roy Hibbert,30,42,671,13.5,0.613,0,0.521,8.6,16,12.3,4.5,0.6,5.8,14.9,14,1,0.8,1.8,0.129,-2.9,1.8,-1.1,0.1
CHO,Spencer Hawes,28,35,626,14.8,0.545,0.252,0.156,5.6,20.1,12.8,16.1,1,3.6,14.7,19.6,0.3,0.8,1.1,0.086,-1.8,1.2,-0.6,0.2
CHO,Brian Roberts,31,41,416,9.8,0.51,0.361,0.32,1.3,9,5.2,18.7,1.1,0.2,15.7,17.9,0,0.3,0.2,0.028,-3.3,-2.6,-5.9,-0.4
CHO,Treveon Graham,23,27,189,10.6,0.612,0.375,0.375,2.9,10,6.4,4.7,1.6,0.5,6,11.8,0.3,0.2,0.4,0.108,-1.5,-1.3,-2.8,0
CHO,Miles Plumlee,28,13,174,9,0.602,0,0.167,9.4,17.2,13.3,2.5,2,2,23.7,8.7,0.1,0.2,0.3,0.087,-3.9,1.3,-2.5,0
CHO,Briante Weber,24,13,159,12.5,0.483,0.152,0.283,5.5,9.7,7.6,15.4,2.8,0,8.8,16.1,0.1,0.2,0.3,0.081,-2.1,-0.2,-2.3,0
CHO,Christian Wood,21,13,107,15.1,0.591,0.217,0.652,14.3,15.5,14.9,2.8,1.4,4.9,19.1,15.4,0.1,0.1,0.3,0.125,-2.5,0.6,-2,0
CHO,Johnny O'Bryant,23,4,34,15.5,0.567,0.2,0.133,12.9,13,12.9,21.6,0,0,15.9,25,0,0,0.1,0.078,0.7,-3.1,-2.3,0
CHO,Mike Tobey,22,2,25,-0.1,0.25,0,0,8.7,4.4,6.6,5.4,0,0,20,9,0,0,0,-0.07,-7.4,-1.5,-8.9,0
CHO,Aaron Harrison,22,5,17,-2.2,0.102,0.5,0.5,0,19.5,9.7,22.6,0,0,0,12.9,-0.1,0,-0.1,-0.146,-9.6,-2.1,-11.6,0
CHI,Jimmy Butler,27,76,2809,25.1,0.586,0.198,0.54,4.9,13.2,9,24.8,2.6,0.9,9.3,26.5,10.1,3.8,13.8,0.236,5.8,1.1,6.9,6.3
CHI,Robin Lopez,28,81,2271,14.4,0.511,0.003,0.134,11.5,13.2,12.3,5.6,0.4,4.1,10,17.5,1.8,2.4,4.3,0.09,-1.9,1,-0.9,0.6
CHI,Rajon Rondo,30,69,1843,13.6,0.461,0.237,0.089,4.2,16.6,10.4,37,2.7,0.5,22.5,17.8,-0.4,2.7,2.3,0.06,-1.3,1.6,0.3,1.1
CHI,Dwyane Wade,35,60,1792,18.5,0.508,0.152,0.294,3.8,12.6,8.1,22.3,2.4,1.8,11.3,29.6,0.9,2.5,3.4,0.09,0.4,0.6,1,1.3
CHI,Nikola Mirotic,25,70,1679,14.5,0.546,0.603,0.205,3.9,20.9,12.3,6.9,1.6,2.6,10.5,19.8,1.2,2.5,3.8,0.107,-0.1,0.4,0.4,1
CHI,Taj Gibson,31,55,1502,15.4,0.549,0.023,0.225,8.5,19,13.7,6.5,0.9,2.6,11.7,19.2,1.4,1.9,3.3,0.104,-2,0.6,-1.3,0.3
CHI,Doug McDermott,25,44,1078,11.3,0.555,0.402,0.18,1.4,11.7,6.5,6.5,0.5,0.3,7.4,17.6,1.1,0.8,1.9,0.084,-0.9,-2,-2.9,-0.2
CHI,Cristiano Felicio,24,66,1040,15.3,0.603,0,0.421,12.8,19.5,16.1,5.7,1.2,1.3,11.2,12.4,2.1,1.3,3.4,0.158,-0.6,0.6,0,0.5
CHI,Jerian Grant,24,63,1028,13.2,0.555,0.445,0.243,1.8,9.9,5.8,17.4,2.3,0.6,11.7,16,1.4,1.2,2.5,0.119,0,-0.3,-0.3,0.4
CHI,Bobby Portis,21,64,1000,14.9,0.545,0.256,0.157,8,24,16,5.7,0.8,0.9,8.4,19.1,1.1,1.2,2.4,0.114,-1.6,-1.5,-3,-0.3
CHI,Denzel Valentine,23,57,976,7.3,0.492,0.722,0.063,1.2,15.6,8.3,9.3,1.5,0.6,14.2,15.4,-0.5,1.1,0.6,0.031,-2.4,-0.3,-2.7,-0.2
CHI,Michael Carter-Williams,25,45,846,9.9,0.437,0.209,0.252,3,16.6,9.8,20,2.3,2.2,16.3,20.9,-1,1.3,0.2,0.013,-4.1,1.7,-2.4,-0.1
CHI,Paul Zipser,22,44,843,6.9,0.503,0.448,0.181,1.9,14.2,8,6.1,0.9,1.5,14.4,14.4,-0.3,0.8,0.5,0.03,-3.6,-0.1,-3.7,-0.4
CHI,Isaiah Canaan,25,39,592,8.1,0.483,0.543,0.191,1.1,8.1,4.6,9,1.9,0.1,10.1,15.4,0,0.6,0.5,0.042,-2.3,-1.1,-3.4,-0.2
CHI,Joffrey Lauvergne,25,20,241,11.6,0.451,0.217,0.163,9.3,21.2,15.2,12.2,1.5,0,14,20.7,-0.2,0.3,0.1,0.025,-3.5,-0.6,-4,-0.1
CHI,Cameron Payne,22,11,142,4,0.417,0.54,0.063,0.8,12.2,6.5,16.2,1.4,0,16.7,23.9,-0.4,0.1,-0.3,-0.086,-5,-2.5,-7.5,-0.2
CHI,Anthony Morrow,31,9,87,16,0.606,0.483,0.379,1.2,1.2,1.2,10.4,1.2,0,0,17,0.3,0,0.3,0.19,2,-4.4,-2.4,0
CHI,R.J. Hunter,23,3,9,-3.2,0,1,0,0,12.1,6,0,0,0,0,4.8,0,0,0,-0.088,-9.4,-2,-11.4,0
CLE,LeBron James,32,74,2794,27,0.619,0.254,0.395,4,20.7,12.6,41.3,1.6,1.3,16.1,30,9.8,3,12.9,0.221,6.8,1.6,8.4,7.3
CLE,Kyrie Irving,24,72,2525,23,0.58,0.311,0.231,2.3,7.5,5,29.7,1.6,0.8,10.3,30.8,7.4,1.5,8.9,0.17,4.8,-2.3,2.5,2.9
CLE,Tristan Thompson,25,78,2336,15.3,0.594,0.007,0.487,13.9,19.6,16.9,4.6,0.8,2.9,10.8,11.3,5,2.3,7.3,0.149,0,1.5,1.5,2
CLE,Iman Shumpert,26,76,1937,9,0.536,0.534,0.184,2.3,9.9,6.2,7.8,1.6,1.1,12.9,14,0.7,1.4,2,0.05,-1.3,0,-1.3,0.3
CLE,Kevin Love,28,60,1885,21.1,0.573,0.449,0.34,8.9,29.3,19.5,9.8,1.4,0.9,10.9,26.4,4,2.4,6.4,0.163,1.7,-0.9,0.8,1.3
CLE,Richard Jefferson,36,79,1614,8.3,0.574,0.542,0.315,2,11.6,6.9,6.6,0.8,0.5,11.8,12.2,1.3,0.8,2.1,0.063,-1.4,-1,-2.4,-0.2
CLE,Channing Frye,33,74,1398,15.6,0.612,0.644,0.142,3,19.3,11.4,4.9,1.2,2.1,8.8,19.3,2.3,1.4,3.7,0.125,0.8,-1.5,-0.6,0.5
CLE,J.R. Smith,31,41,1187,8.1,0.484,0.761,0.042,1.6,8.6,5.2,7.3,1.7,0.7,6.7,14.6,0.1,0.8,0.8,0.034,-0.5,-0.7,-1.3,0.2
CLE,Kyle Korver,35,35,859,13.5,0.677,0.743,0.056,0.9,11.2,6.2,6.1,0.6,0.8,9.5,15.8,1.6,0.4,2,0.114,2.2,-2.2,0,0.4
CLE,DeAndre Liggins,28,61,752,7.2,0.473,0.331,0.272,2.6,11.9,7.4,9.5,3,1.5,21.6,11.5,-0.5,0.9,0.4,0.025,-4,2,-2,0
CLE,Deron Williams,32,24,486,11.4,0.566,0.361,0.17,0.2,9.7,5.1,25.9,0.6,1,20.2,18.1,0.4,0.2,0.6,0.059,-1.9,-2.6,-4.5,-0.3
CLE,Derrick Williams,25,25,427,11.1,0.628,0.486,0.364,0.8,13.5,7.4,4.7,0.6,0.4,10.1,14.4,0.6,0.2,0.8,0.086,-1.1,-2.1,-3.2,-0.1
CLE,Kay Felder,21,42,386,11.4,0.462,0.139,0.31,0.9,10.5,5.9,22.7,2.3,1.5,14.3,24.2,-0.3,0.4,0.1,0.008,-4.8,-1.2,-6,-0.4
CLE,Jordan McRae,25,37,384,9.7,0.488,0.34,0.227,1.8,9.7,5.9,7.4,1,1.3,7.8,20.8,-0.1,0.2,0.2,0.02,-3.7,-2.8,-6.5,-0.4
CLE,James Jones,36,48,381,11.1,0.655,0.717,0.217,0.9,9.5,5.4,5.2,0.8,2.1,9,13,0.6,0.2,0.8,0.102,0,-1.6,-1.6,0
CLE,Mike Dunleavy,36,23,366,7.6,0.539,0.633,0.211,1.6,12.3,7.1,7.5,0.8,0.4,12.5,13.7,0.1,0.2,0.3,0.041,-2.1,-1.7,-3.7,-0.2
CLE,Chris Andersen,38,12,114,11.6,0.497,0.136,0.636,9,20.6,15,5.9,2.2,5,15.1,13,0.1,0.2,0.2,0.102,-3.8,3,-0.9,0
CLE,Edy Tavares,24,1,24,22.6,0.676,0,0.25,19,26.7,23,6,0,20.2,31.1,12,0,0.1,0.1,0.183,-3.1,10.1,7,0.1
CLE,Larry Sanders,28,5,13,6.5,0.41,0,0.5,26.3,8.2,17,0,3.8,6.2,29.1,23.6,0,0,0,-0.029,-8.7,-0.9,-9.6,0
CLE,Dahntay Jones,36,1,12,14.7,0.461,0.25,0.5,9.5,8.9,9.2,14.5,0,0,9.3,39.9,0,0,0,-0.03,-3.8,-7.1,-10.9,0
CLE,Andrew Bogut,32,1,1,-35.3,,,,0,0,0,0,0,0,,0,0,0,0,0.02,-5.7,0,-5.7,0
DAL,Harrison Barnes,24,79,2803,16.3,0.541,0.173,0.22,3.7,13.1,8.2,7.7,1.2,0.5,6.8,25.3,2.5,2.1,4.6,0.078,-0.7,-1.2,-1.9,0.1
DAL,Wesley Matthews,30,73,2495,11.9,0.533,0.566,0.211,0.8,11.8,6,13.6,1.6,0.5,9.9,19.4,1,2.1,3.1,0.06,0.2,-0.1,0.1,1.3
DAL,Seth Curry,26,70,2029,15.5,0.601,0.458,0.142,1.4,9.3,5.1,16,2,0.3,11,19.5,2.9,1.7,4.6,0.11,1.8,-0.4,1.4,1.7
DAL,Dorian Finney-Smith,23,81,1642,7.7,0.486,0.574,0.183,3.7,12.4,7.9,6,1.6,1.4,11.1,11.6,-0.1,1.5,1.4,0.041,-2.8,1.3,-1.4,0.2
DAL,Dirk Nowitzki,38,54,1424,17,0.529,0.308,0.165,1.8,28.3,14.4,10.6,1.1,2.4,6.6,25.8,0.6,1.9,2.5,0.084,-1.6,0.3,-1.3,0.2
DAL,Dwight Powell,25,77,1333,17.6,0.588,0.196,0.374,7.7,19.5,13.3,6.1,2.4,2.6,7.2,16.7,2.7,1.9,4.6,0.165,-0.5,1.9,1.4,1.2
DAL,Deron Williams,32,40,1171,15,0.533,0.4,0.185,1.2,9.3,5.1,40.1,1.1,0.2,16.7,23.7,1.1,0.7,1.8,0.073,1,-2.4,-1.4,0.2
DAL,Devin Harris,33,65,1087,13.8,0.549,0.519,0.378,1.1,13,6.8,20,2.1,0.6,12.5,19.7,1.1,1.1,2.2,0.096,-0.1,-0.3,-0.4,0.4
DAL,Yogi Ferrell,23,36,1046,14.1,0.541,0.432,0.212,1.7,9.7,5.5,24.1,2,0.6,12.9,19.5,1,0.9,2,0.09,0.5,-0.3,0.2,0.6
DAL,Salah Mejri,30,73,905,14.8,0.65,0.022,0.445,11.9,28.4,19.8,2.4,1.8,6.1,19.6,10.6,1.3,1.7,3,0.159,-3.6,3.8,0.2,0.5
DAL,J.J. Barea,32,35,771,17.2,0.521,0.431,0.149,1.3,11.9,6.3,44.2,0.9,0.1,14.7,26.2,0.8,0.5,1.3,0.08,2,-2.6,-0.5,0.3
DAL,Justin Anderson,23,51,710,14.7,0.521,0.44,0.318,6.1,18.9,12.2,7.6,2.1,2,11.2,23.6,0.1,0.9,1,0.067,-1.8,-0.1,-2,0
DAL,Andrew Bogut,32,26,582,9.4,0.46,0.012,0.136,10.7,34,21.7,12.3,1.2,3.9,33.4,10.4,-0.3,1,0.7,0.055,-5.6,5.3,-0.3,0.3
DAL,Nicolas Brussino,23,54,521,10.7,0.498,0.674,0.156,5.5,16.2,10.6,13.9,1.7,1.4,14.7,16,0,0.6,0.6,0.055,-1.7,0.7,-1,0.1
DAL,Nerlens Noel,22,22,483,19.8,0.606,0,0.358,10.8,26,18,7,2.4,4.5,12.4,17.3,0.9,0.9,1.8,0.178,-1.3,3.8,2.5,0.5
DAL,Jonathan Gibson,29,17,231,9.5,0.492,0.474,0.305,0.5,11.1,5.5,18.8,1.8,0,16.3,26.3,-0.3,0.2,-0.1,-0.03,-3.3,-2.2,-5.5,-0.2
DAL,A.J. Hammons,24,22,163,8.4,0.472,0.238,0.476,5.4,21,12.8,3.8,0.3,7.2,16.4,17.6,-0.2,0.2,0,-0.001,-7.5,2,-5.6,-0.1
DAL,Jarrod Uthoff,23,9,115,13.9,0.487,0.237,0.184,7.7,14.9,11.1,12.8,0.9,3.1,6.8,18.1,0.1,0.1,0.2,0.083,-2.1,0.7,-1.4,0
DAL,Pierre Jackson,25,8,84,13,0.416,0.282,0.179,1.3,11.6,6.2,38,1.2,0,6.7,25.3,0,0.1,0,0.021,-1.7,-2.7,-4.4,-0.1
DAL,Quinn Cook,23,5,77,6.9,0.522,0.56,0.08,0,4.8,2.3,25.7,0.7,0,23.6,20.7,-0.1,0,-0.1,-0.046,-4.2,-4.5,-8.7,-0.1
DAL,Quincy Acy,26,6,48,-1.4,0.355,0.412,0.176,4.6,15.2,9.7,0,0,0,9.8,20,-0.2,0,-0.1,-0.133,-10.1,-6,-16.2,-0.2
DAL,DeAndre Liggins,28,1,25,17.6,0.546,0.167,0.5,13.3,19.5,16.3,0,4.2,0,0,13.8,0.1,0,0.1,0.194,-1.9,-2,-3.9,0
DAL,Manny Harris,27,4,25,-2.2,0.239,0.133,0.267,13.3,29.3,20.9,12.7,0,0,10.7,35.4,-0.2,0,-0.2,-0.364,-15.1,-3.8,-18.8,-0.1
DAL,Ben Bentil,21,3,10,-17.6,0,0.333,0,0,24.4,11.6,0,0,0,25,18.9,-0.1,0,-0.1,-0.473,-22.4,-4.5,-26.9,-0.1
DEN,Wilson Chandler,29,71,2197,14.9,0.545,0.347,0.207,5.2,17.8,11.6,9.8,1.1,1.1,10,22,2.4,1.1,3.5,0.077,0.5,-1.4,-0.9,0.6
DEN,Danilo Gallinari,28,63,2134,17.4,0.622,0.432,0.516,2,14.7,8.4,9.1,0.9,0.5,8.2,20,6.2,0.7,6.8,0.154,2.9,-2.1,0.8,1.5
DEN,Jameer Nelson,34,75,2045,11.5,0.544,0.452,0.104,1.5,8.8,5.2,26,1.3,0.3,16.8,15.8,2.3,0.5,2.8,0.066,0.4,-2.3,-2,0
DEN,Nikola Jokic,21,73,2038,26.3,0.64,0.163,0.267,11.6,27.2,19.5,28.8,1.5,2.1,15.2,23.5,7.7,2,9.7,0.228,6.2,2.2,8.4,5.3
DEN,Gary Harris,22,57,1782,16.5,0.611,0.4,0.21,3,8,5.5,13.6,1.9,0.3,9.8,18.4,3.9,0.7,4.6,0.124,3.1,-1.6,1.5,1.6
DEN,Jamal Murray,19,82,1764,11.9,0.518,0.471,0.164,2.6,10.7,6.7,14,1.4,1.1,12.6,21.6,0.6,0.7,1.3,0.037,-0.5,-2.1,-2.6,-0.3
DEN,Will Barton,26,60,1705,15.5,0.547,0.353,0.285,3.8,12.9,8.4,17.7,1.4,1.3,11.5,21.1,2.5,0.8,3.3,0.093,1.3,-1,0.3,1
DEN,Emmanuel Mudiay,20,55,1406,10.9,0.483,0.323,0.303,2.3,11.6,7,21.8,1.4,0.7,16.5,22.6,-0.4,0.5,0.2,0.006,-2,-1.7,-3.7,-0.6
DEN,Kenneth Faried,27,61,1296,20.3,0.588,0.014,0.454,15.8,23.6,19.7,6.3,1.6,2.4,10.6,18.3,3.3,1.2,4.5,0.168,0.9,-0.1,0.8,0.9
DEN,Juan Hernangomez,21,62,842,13.4,0.592,0.504,0.339,5.7,18.7,12.3,4.7,1.7,1.1,10.7,14.6,1.2,0.6,1.8,0.104,-0.1,-1.2,-1.3,0.1
DEN,Jusuf Nurkic,22,45,807,15,0.515,0,0.379,12.3,23.2,17.8,11.1,1.5,3.5,18.9,22.6,-0.2,0.8,0.6,0.034,-3.2,1,-2.3,-0.1
DEN,Darrell Arthur,28,41,639,12.8,0.583,0.544,0.102,4.4,14.9,9.7,9.3,1.5,2.5,13.8,17.3,0.6,0.4,1.1,0.081,0.3,-0.6,-0.3,0.3
DEN,Mason Plumlee,26,27,632,16.3,0.571,0.006,0.42,8.8,21.3,15.1,15.9,1.5,3.6,17.7,17.5,0.8,0.6,1.4,0.107,-0.7,2.2,1.5,0.6
DEN,Malik Beasley,20,22,165,13.7,0.536,0.384,0.137,3.4,8,5.7,10.2,2.1,0,9.4,22,0.1,0.1,0.2,0.057,-0.5,-3.5,-3.9,-0.1
DEN,Mike Miller,36,20,151,7.6,0.586,0.87,0.087,1.5,26.1,13.9,18.3,0.6,0,35.2,10.4,0,0.1,0.1,0.018,-3.2,-0.8,-4.1,-0.1
DEN,Alonzo Gee,29,13,89,3.1,0.306,0.214,0.643,5,13.5,9.3,8.2,2.7,0.9,18.2,10.5,-0.1,0.1,-0.1,-0.032,-5.6,1,-4.6,-0.1
DEN,Johnny O'Bryant,23,7,46,14.4,0.597,0.2,0.267,12.1,14.3,13.2,6.2,0,1.7,15.2,18.3,0.1,0,0.1,0.096,-0.8,-3.2,-4,0
DEN,Roy Hibbert,30,6,11,16.3,0.667,0,0,10.1,10,10,13.5,0,14.1,25,15.5,0,0,0,0.119,-1.9,5.1,3.2,0
DEN,Jarnell Stokes,23,2,7,31.5,0.798,0,2,15.9,15.6,15.8,40.1,7,0,0,11.4,0.1,0,0.1,0.48,11.8,3.6,15.4,0
DET,Tobias Harris,24,82,2567,16.9,0.568,0.295,0.213,2.6,15.6,8.8,8.8,1.2,1.3,7.6,21.7,4,2.8,6.8,0.128,1,0.1,1.2,2
DET,Marcus Morris,27,79,2565,12.4,0.508,0.355,0.184,3.2,12.8,7.8,9.4,1,0.8,7.4,20.3,1.4,2.4,3.9,0.072,-0.3,-0.2,-0.5,1
DET,Kentavious Caldwell-Pope,23,76,2529,12.8,0.519,0.471,0.199,2.3,8.7,5.3,11.2,1.8,0.4,7.9,19.2,2,2.5,4.5,0.086,0.9,0,0.9,1.8
DET,Andre Drummond,23,81,2409,20.9,0.518,0.008,0.39,15.1,36.2,25.2,6,2.6,3.1,12.5,22.4,1.4,5.3,6.7,0.133,-2.1,2.9,0.9,1.8
DET,Ish Smith,28,81,1955,14.7,0.477,0.14,0.136,1.1,12.4,6.6,32.5,1.6,1.4,12.4,20.5,0.9,2.2,3.1,0.076,-1.2,0.4,-0.8,0.6
DET,Jon Leuer,27,75,1944,14.2,0.551,0.259,0.175,5.5,17.5,11.3,8.6,0.8,1.1,8.7,17.3,2.5,2,4.5,0.112,-0.4,0.5,0.1,1
DET,Reggie Jackson,26,52,1424,14.9,0.51,0.272,0.201,1.5,7.4,4.4,30.3,1.2,0.3,13.4,26.4,0.8,1.2,1.9,0.065,0.6,-2,-1.4,0.2
DET,Stanley Johnson,20,77,1371,7.2,0.436,0.422,0.145,2.8,12.7,7.5,10.5,2.1,1.5,15.5,14.8,-1.4,1.8,0.4,0.012,-3.8,1.8,-2,0
DET,Aron Baynes,30,75,1163,13.1,0.57,0,0.337,10,21.6,15.6,3.9,0.7,2.8,13.5,14.1,1.4,1.5,3,0.123,-2.9,1.1,-1.8,0.1
DET,Beno Udrih,34,39,560,16.2,0.535,0.162,0.173,1.1,10.3,5.6,35.4,1.2,0,14.5,19.6,0.8,0.5,1.3,0.113,-0.5,-2.1,-2.5,-0.1
DET,Reggie Bullock,25,31,467,11.7,0.538,0.57,0.055,2.9,12.4,7.5,8.8,1.9,0.5,7.1,13.4,0.4,0.5,1,0.101,-0.4,0.5,0.1,0.2
DET,Darrun Hilliard,23,39,381,5.9,0.459,0.365,0.222,0.6,9.2,4.7,12.3,1.5,0.4,16.8,19.3,-0.6,0.4,-0.2,-0.027,-5,-1.1,-6.1,-0.4
DET,Boban Marjanovic,28,35,293,29.6,0.606,0,0.439,16.5,32.5,24.2,5.3,1,3.4,6,25.3,1.2,0.5,1.7,0.28,1,-0.9,0.1,0.2
DET,Henry Ellenson,20,19,146,7.5,0.444,0.547,0.125,5.8,25.6,15.3,7.2,0.3,0.6,17.2,24.7,-0.4,0.2,-0.2,-0.071,-5.8,-2.4,-8.2,-0.2
DET,Michael Gbinije,24,9,32,-2.1,0.184,0.4,0.2,6.6,3.5,5.1,7.9,0,0,0,15,-0.1,0,-0.1,-0.136,-7.7,-2.8,-10.5,-0.1
GSW,Klay Thompson,26,78,2649,17.4,0.592,0.47,0.158,2.2,9.2,5.9,9.3,1.2,1.2,8,26.1,4.2,2.9,7.1,0.129,2.4,-2.1,0.3,1.5
GSW,Stephen Curry,28,79,2638,24.6,0.624,0.547,0.251,2.7,11.4,7.3,31.2,2.6,0.5,13,30.1,8.7,3.9,12.6,0.229,7.8,-0.4,7.3,6.2
GSW,Draymond Green,26,76,2471,16.5,0.522,0.405,0.328,4.7,20.9,13.3,27.6,3,3.4,19.8,16.2,2.8,5.4,8.2,0.16,0.5,5,5.4,4.6
GSW,Kevin Durant,28,62,2070,27.6,0.651,0.304,0.374,2.2,23.6,13.6,23.1,1.5,3.8,10.4,27.8,8,4,12,0.278,5.4,2.6,8,5.2
GSW,Andre Iguodala,33,76,1998,14.3,0.624,0.427,0.246,3,13.1,8.3,16.7,1.8,1.5,11.2,11.2,4.1,2.9,6.9,0.167,1.3,1.7,3,2.5
GSW,Shaun Livingston,31,76,1345,10.1,0.568,0.009,0.19,2.4,9.4,6.2,13.5,1.4,1.2,15.3,13,1.1,1.6,2.6,0.093,-2.5,0.5,-2,0
GSW,Zaza Pachulia,32,70,1268,16.1,0.588,0.007,0.41,12.9,22,17.7,13.6,2.2,2,19.4,15.3,2.3,2.5,4.7,0.178,-0.3,3,2.7,1.5
GSW,Ian Clark,25,77,1137,13.1,0.575,0.376,0.134,2.3,9,5.8,11.2,1.7,0.6,10.7,19.5,1,1.3,2.3,0.099,-0.6,-1.4,-2,0
GSW,Patrick McCaw,21,71,1074,8.6,0.54,0.502,0.151,2.3,7.6,5.1,9,1.4,1.1,12.1,11.9,0.5,1.2,1.7,0.077,-1.6,-0.2,-1.8,0.1
GSW,David West,36,68,854,16.6,0.571,0.032,0.222,6.5,18.8,13,24.1,2.4,4.4,22,17.9,0.9,1.7,2.6,0.148,-1.7,3.9,2.2,0.9
GSW,JaVale McGee,29,77,739,25.2,0.642,0.009,0.348,15.9,20.1,18.1,3.8,1.2,7.1,9.8,23.8,2,1.5,3.5,0.225,0.2,0.5,0.8,0.5
GSW,James Michael McAdoo,24,52,457,13.1,0.543,0.068,0.359,8.7,12.9,10.9,5.2,1.9,5,12.3,14.6,0.3,0.8,1.1,0.117,-2.8,2.4,-0.4,0.2
GSW,Kevon Looney,20,53,447,13.6,0.553,0.084,0.318,11.5,18.5,15.2,8.5,1.6,3,12.2,13.4,0.7,0.8,1.4,0.155,-1.4,1.8,0.4,0.3
GSW,Matt Barnes,36,20,410,10.7,0.569,0.578,0.256,4.3,19.1,12.2,13.7,1.4,1.7,19.3,13.1,0.3,0.6,1,0.115,-1,1.6,0.6,0.3
GSW,Anderson Varejao,34,14,92,9.4,0.478,0,0.786,15.3,16.8,16.1,13,1.6,2.6,29.8,12.6,0,0.1,0.2,0.097,-3.2,2.5,-0.6,0
GSW,Damian Jones,21,10,85,5.3,0.466,0,0.625,12.4,17,14.8,0,0.6,3.7,22.7,13.4,-0.1,0.1,0,0.018,-7.5,-2.1,-9.6,-0.2
GSW,Briante Weber,24,7,46,5.9,0.392,0.214,0.214,0,9,4.8,13.9,3.1,1.7,16.4,17.2,-0.1,0.1,0,-0.018,-6.9,0.7,-6.2,0
HOU,James Harden,27,81,2947,27.4,0.613,0.493,0.575,3.5,20.9,12.2,50.7,2,1,19.5,34.2,11.5,3.6,15,0.245,8.7,1.5,10.1,9
HOU,Trevor Ariza,31,80,2773,12.4,0.548,0.695,0.158,2.1,15.9,9,8.8,2.5,0.6,7.9,14.1,2.8,3.2,6,0.104,0.7,1,1.7,2.6
HOU,Eric Gordon,28,75,2323,13.2,0.557,0.651,0.172,1.4,8.1,4.7,12.3,1,1.4,10,22.1,2.5,1.4,3.8,0.079,1,-2.4,-1.4,0.4
HOU,Ryan Anderson,28,72,2116,13.5,0.583,0.655,0.194,5.8,11.2,8.5,4.7,0.7,0.5,6.2,17.9,4,1.1,5.2,0.117,1.8,-2.6,-0.8,0.6
HOU,Patrick Beverley,28,67,2058,13,0.546,0.53,0.175,5,15.8,10.4,18.8,2.3,1,14.6,14.1,2.9,2.4,5.3,0.123,0.8,1.5,2.3,2.3
HOU,Clint Capela,22,65,1551,21.4,0.638,0,0.314,12.5,24.5,18.5,6.7,1.1,4.1,12,19.9,3.8,2.1,5.9,0.184,0,0.9,0.9,1.1
HOU,Sam Dekker,22,77,1419,13.1,0.549,0.436,0.159,7.2,14.6,10.9,7.7,1.3,1.2,8.2,14.9,1.9,1.2,3.1,0.104,-0.4,-0.6,-1,0.3
HOU,Nene Hilario,34,67,1198,18.9,0.63,0.023,0.496,8.6,17,12.8,8.6,2.2,2.6,13.1,19.7,2.5,1.6,4.1,0.165,-0.4,0.8,0.5,0.7
HOU,Montrezl Harrell,23,58,1064,19.2,0.662,0.02,0.351,8.3,14.2,11.2,9.6,0.9,3.2,9.9,17.6,3.1,1,4.1,0.183,0.8,0.2,0.9,0.8
HOU,Corey Brewer,30,58,923,7.5,0.491,0.414,0.194,2.5,11,6.7,9,1.9,1.1,12.7,12.9,0,0.8,0.9,0.045,-3.1,0,-3.1,-0.3
HOU,Lou Williams,30,23,591,15.4,0.547,0.489,0.428,2.2,10.7,6.5,14.3,1.2,1.2,11.3,25.3,0.8,0.4,1.2,0.096,-0.1,-2.5,-2.6,-0.1
HOU,K.J. McDaniels,23,29,212,10.2,0.552,0.397,0.147,3.1,12.4,7.7,2.7,1.6,3,12.1,16.4,0,0.2,0.3,0.058,-3.7,-1,-4.7,-0.1
HOU,Tyler Ennis,22,31,196,4,0.444,0.25,0.047,2.2,8.4,5.3,24.5,1.5,0,26.9,19.3,-0.4,0.1,-0.2,-0.061,-6.8,-2.7,-9.5,-0.4
HOU,Troy Williams,22,6,139,12.8,0.616,0.477,0.159,7.1,11.8,9.4,6.4,1,0.6,11.3,16.2,0.2,0.1,0.3,0.116,0.4,-2.1,-1.7,0
HOU,Bobby Brown,32,25,123,10.8,0.509,0.583,0.033,0,5.3,2.7,17.6,0.4,0,7.6,22.7,0.1,0,0.1,0.04,-1.5,-6.1,-7.6,-0.2
HOU,Isaiah Taylor,22,4,52,0.3,0.19,0.286,0.286,2.1,4.2,3.1,7.1,0.9,1.6,0,6.4,-0.1,0,0,-0.028,-6.4,-0.1,-6.5,-0.1
HOU,Chinanu Onuaku,20,5,52,12.3,0.799,0,0.571,4.2,16.8,10.5,7.8,2.8,1.6,31.3,10.4,0.1,0.1,0.1,0.123,-2.4,1.8,-0.6,0
HOU,Kyle Wiltjer,24,14,44,6.7,0.437,0.929,0.143,9.9,14.9,12.4,6.1,3.3,1.8,25.2,19.1,-0.1,0.1,0,-0.039,-4,0,-4,0
IND,Paul George,26,75,2689,20.2,0.587,0.368,0.277,2.5,17.9,10.3,16.1,2.2,0.9,12.7,28.9,3.9,3.1,7.1,0.126,3.1,-0.3,2.8,3.2
IND,Jeff Teague,28,82,2657,19.2,0.574,0.277,0.457,1.4,12.4,7,36.4,1.9,1.1,16.5,22.1,5.7,2.4,8.1,0.146,2.4,-0.5,1.9,2.6
IND,Myles Turner,20,81,2541,18.5,0.585,0.132,0.349,6.2,19.6,13,6.6,1.5,5.9,9.5,19.5,4.3,3.7,8,0.151,-0.3,2.6,2.4,2.8
IND,Thaddeus Young,28,74,2237,14.9,0.562,0.172,0.125,6.7,15.7,11.2,8.4,2.5,1.1,11.6,16.4,2,2.7,4.6,0.1,0,1.4,1.4,1.9
IND,Monta Ellis,31,74,1998,9.9,0.514,0.242,0.23,1.1,10.3,5.7,17.2,2,1.2,18,16.8,-0.7,1.7,1.1,0.026,-2.5,0.2,-2.3,-0.2
IND,C.J. Miles,29,76,1776,13.8,0.592,0.632,0.144,1.9,12.4,7.2,4.1,1.3,1.2,5.5,18.4,2.7,1.4,4,0.109,1.6,-2.1,-0.5,0.7
IND,Glenn Robinson,23,69,1427,11.5,0.564,0.37,0.225,4.5,14.7,9.7,4.7,1.4,1.2,9.1,12.8,1.3,1.2,2.5,0.085,-1.2,-0.2,-1.3,0.2
IND,Al Jefferson,32,66,931,18.9,0.526,0.002,0.18,9.2,24.2,16.8,11,1,1.5,6.1,26.1,1.2,1.1,2.3,0.119,-1.5,-1.5,-3.1,-0.2
IND,Aaron Brooks,32,65,894,9.5,0.507,0.427,0.133,2.3,6.3,4.3,20.7,1.4,0.9,17.2,19.2,-0.2,0.5,0.3,0.016,-2.1,-2.5,-4.6,-0.6
IND,Lavoy Allen,27,61,871,11.6,0.485,0.006,0.196,13.7,14.5,14.1,9.1,1,2.4,13.7,10.9,0.9,0.8,1.7,0.093,-1.5,1.3,-0.3,0.4
IND,Rodney Stuckey,30,39,696,9.5,0.483,0.246,0.439,1,12.4,6.8,17.7,1.2,0,15.4,22.2,-0.5,0.4,-0.1,-0.006,-3.8,-2.2,-6,-0.7
IND,Kevin Seraphin,27,49,559,14.4,0.559,0.01,0.111,8.3,20,14.3,6.7,0.6,3.1,12.3,19,0.4,0.6,1,0.082,-3.1,-0.5,-3.6,-0.2
IND,Rakeem Christmas,25,29,219,10.4,0.529,0,0.674,13.5,15.2,14.4,2.5,0.7,2.4,12.5,13.1,0.3,0.2,0.5,0.099,-3,-1.2,-4.2,-0.1
IND,Joe Young,24,33,135,11.4,0.433,0.319,0.208,0.8,13.1,7.1,18,1.5,0,6,27.8,-0.2,0.1,-0.1,-0.022,-3.5,-3.8,-7.3,-0.2
IND,Lance Stephenson,26,6,132,10.3,0.474,0.182,0.068,0.9,19.3,10.2,28.1,1.1,1.3,19.5,19.1,-0.1,0.1,0,0.012,-4,-0.2,-4.2,-0.1
IND,Georges Niang,23,23,93,0.1,0.285,0.333,0.056,2.4,17.9,10.3,7.5,1.6,0,11.9,20.2,-0.4,0.1,-0.3,-0.168,-9.9,-2.2,-12,-0.2
LAC,DeAndre Jordan,28,81,2570,21.8,0.673,0.003,0.737,13.3,34.6,24.2,5.7,1,4.3,13.1,15.3,7.2,4.6,11.8,0.221,1,3,4.1,3.9
LAC,J.J. Redick,32,78,2198,14.8,0.599,0.526,0.227,0.6,7.9,4.4,7.8,1.2,0.5,9.1,22,3.3,1.5,4.8,0.105,2,-2.1,-0.1,1.1
LAC,Jamal Crawford,36,82,2157,12,0.525,0.37,0.233,0.9,5.7,3.3,15.2,1.4,0.5,12.3,22.7,0.5,1.4,1.9,0.043,-1,-2.1,-3,-0.6
LAC,Blake Griffin,27,61,2076,22.6,0.569,0.116,0.434,6.2,20.2,13.4,24.5,1.4,0.9,10.9,28,5.4,2.4,7.7,0.179,3.2,1.3,4.4,3.4
LAC,Austin Rivers,24,74,2054,11.4,0.545,0.409,0.261,1.1,7.5,4.4,15,1.2,0.4,12.4,20.3,1.2,1.3,2.5,0.059,-0.1,-1.5,-1.6,0.2
LAC,Chris Paul,31,61,1921,26.2,0.614,0.385,0.331,2.4,15,8.9,46.8,3.1,0.3,14,24.4,7.9,2.6,10.6,0.264,7.8,1.1,8.8,5.3
LAC,Luc Mbah a Moute,30,80,1787,10.2,0.581,0.291,0.23,2.8,7.7,5.3,3.1,2.3,1.6,10,11.6,1.3,1.8,3.1,0.084,-0.8,1.6,0.7,1.2
LAC,Raymond Felton,32,80,1700,10.9,0.496,0.28,0.125,2.2,11.9,7.2,16.3,1.9,1.1,13.3,16.5,0.2,1.8,1.9,0.055,-1.8,0.8,-1,0.4
LAC,Marreese Speights,29,82,1286,17.5,0.584,0.505,0.25,7.9,24.1,16.2,8,0.9,2.6,10.2,23.6,2.5,1.7,4.2,0.155,1.5,-0.8,0.7,0.9
LAC,Wesley Johnson,29,68,810,8.4,0.448,0.59,0.085,3.7,20.8,12.5,3.9,1.8,3,8,12.5,-0.3,1.2,0.9,0.051,-3.4,1.6,-1.8,0
LAC,Brandon Bass,31,52,577,19.7,0.65,0.016,0.473,8.6,16.2,12.5,5.7,1.2,1.6,11.4,19.7,1.6,0.6,2.2,0.186,0.1,-0.8,-0.7,0.2
LAC,Alan Anderson,34,30,308,5,0.494,0.55,0.2,1.1,7.4,4.4,4.9,0.5,0,7.4,13.7,0,0.1,0.1,0.02,-2.6,-2.3,-4.9,-0.2
LAC,Paul Pierce,39,25,277,5.7,0.535,0.614,0.186,0.4,18.5,9.7,5,0.7,1.5,17.4,14.8,-0.2,0.3,0.1,0.015,-3.9,-0.5,-4.4,-0.2
LAC,Diamond Stone,19,7,24,-1.2,0.339,0,0.308,4.8,22.7,14,0,0,3.4,11.9,31.3,-0.1,0,-0.1,-0.211,-17.3,-6.8,-24.1,-0.1
LAC,Brice Johnson,22,3,9,17.2,0.286,0,0,12.8,24.2,18.6,18.6,11.1,9.1,12.5,39.8,-0.1,0,0,-0.165,-10.7,12.1,1.3,0
LAL,Jordan Clarkson,24,82,2397,13.2,0.526,0.332,0.157,2.2,9.3,5.6,14.4,1.8,0.3,12.5,23.3,0.5,0.7,1.2,0.024,-0.5,-2.3,-2.7,-0.4
LAL,Brandon Ingram,19,79,2279,8.5,0.474,0.273,0.312,2.8,12.7,7.6,10.5,1.1,1.3,12.9,16.8,-1,0.7,-0.3,-0.007,-3.1,-0.7,-3.8,-1.1
LAL,Julius Randle,22,74,2132,16.3,0.543,0.082,0.365,7.4,25.8,16.3,19.3,1.1,1.4,16.2,21.4,2,1.5,3.5,0.08,-0.8,0.7,0,1.1
LAL,D'Angelo Russell,20,63,1811,15.3,0.518,0.443,0.217,1.8,11.9,6.7,26.8,2.3,0.7,15.6,26.6,0.3,1,1.3,0.033,1.1,-1.6,-0.5,0.7
LAL,Nick Young,31,60,1556,14.1,0.588,0.665,0.142,1.7,8.2,4.8,5.8,1.2,0.7,5.1,19.5,3,0.2,3.2,0.098,2.7,-3.4,-0.7,0.5
LAL,Luol Deng,31,56,1486,10.1,0.47,0.389,0.149,4.5,17.7,10.8,7,1.6,1.1,8.7,14.2,0.1,0.8,0.9,0.029,-2.3,-0.2,-2.5,-0.2
LAL,Larry Nance Jr.,24,63,1442,15.7,0.567,0.1,0.222,8.8,19.6,14,9.7,2.8,2.2,12.4,13.4,2.1,1.5,3.5,0.118,-0.3,2.2,1.9,1.4
LAL,Lou Williams,30,58,1403,23.9,0.609,0.432,0.469,1.1,9.5,5.1,22.3,2.3,0.6,11.9,30.6,4.3,0.6,4.9,0.169,5.4,-3.2,2.2,1.5
LAL,Timofey Mozgov,30,54,1104,12.3,0.553,0.003,0.238,9.9,16.4,13.1,5.9,0.7,2.3,16.6,16.8,0.7,0.4,1.1,0.048,-2.8,-0.8,-3.6,-0.4
LAL,Tarik Black,25,67,1091,15,0.56,0.007,0.371,13.9,20.7,17.2,5.3,1.3,3.3,14.5,15.7,1.5,0.8,2.4,0.105,-1.8,0.2,-1.6,0.1
LAL,Ivica Zubac,19,38,609,17,0.547,0.013,0.206,7.1,21.9,14.3,8.1,1.1,4.4,10.4,20.3,0.6,0.5,1.1,0.086,-2.7,0.3,-2.5,-0.1
LAL,Thomas Robinson,25,48,560,17.3,0.535,0.005,0.337,15.8,28.1,21.8,8.8,2.3,1.3,17,20.7,0.3,0.6,0.9,0.079,-2.2,-0.1,-2.3,0
LAL,David Nwaba,24,20,397,12.2,0.611,0.062,0.481,4.5,13.1,8.7,5,1.6,1.4,10.1,11.8,0.6,0.2,0.8,0.091,-1.7,-0.3,-1.9,0
LAL,Tyler Ennis,22,22,392,14.3,0.553,0.375,0.153,1.3,6.1,3.6,20.3,2.4,0.4,12,19,0.5,0.1,0.6,0.077,0.1,-2.8,-2.7,-0.1
LAL,Corey Brewer,30,24,358,13.3,0.49,0.198,0.198,3.2,13,7.9,15,3.3,1.8,12.6,18,0,0.3,0.3,0.047,-2.4,0.7,-1.7,0
LAL,Jose Calderon,35,24,292,9.1,0.508,0.442,0.052,2.9,13.2,7.9,24.7,1.2,0.3,24.8,15.3,-0.1,0.1,0,0,-3,-2.1,-5.1,-0.2
LAL,Marcelo Huertas,33,23,237,9.1,0.417,0.279,0.25,0.9,10.5,5.5,30.8,2.1,0.7,20.1,17,-0.2,0.1,-0.1,-0.025,-4.6,-2.4,-7,-0.3
LAL,Metta World Peace,37,25,160,6.5,0.38,0.559,0.235,3.3,10.6,6.8,9.8,3,1,8.5,21.9,-0.3,0.1,-0.2,-0.061,-4.1,-2.1,-6.2,-0.2
MEM,Marc Gasol,32,74,2531,20.3,0.554,0.231,0.286,2.6,18.8,10.5,24.8,1.4,3.7,11.3,26.4,4.2,3.5,7.7,0.145,2.1,2.2,4.2,4
MEM,Mike Conley,29,69,2292,23.2,0.604,0.415,0.365,1.5,10.8,6,34.5,2.1,0.8,11.8,26.3,7.5,2.5,10,0.209,6.5,-0.8,5.7,4.5
MEM,JaMychal Green,26,77,2101,13.5,0.601,0.29,0.334,8.8,21.1,14.8,6.3,1.2,1.5,14.1,14.4,3.2,2.6,5.8,0.132,-0.4,1.1,0.7,1.4
MEM,Tony Allen,35,71,1914,13.3,0.493,0.091,0.218,9.6,13.8,11.7,8.4,3.1,1.4,13.3,17.9,0.2,2.9,3.1,0.077,-1.8,2.4,0.6,1.3
MEM,Vince Carter,40,73,1799,11.7,0.542,0.604,0.235,2.2,12.5,7.2,11.5,1.7,1.9,8.5,14.9,1.9,2.1,4,0.106,0.1,0.9,1,1.4
MEM,Zach Randolph,35,73,1786,18.5,0.49,0.098,0.2,11.3,27.4,19.2,13.5,1.1,0.5,8.6,29.2,0.8,2.4,3.2,0.086,-1.4,-0.7,-2.1,0
MEM,James Ennis,26,64,1501,10.6,0.581,0.427,0.343,5.1,14.9,9.9,6.5,1.6,1.2,13.8,13,1.4,1.7,3.1,0.101,-1,1,0,0.8
MEM,Andrew Harrison,22,72,1474,8.7,0.477,0.433,0.539,1.7,9,5.3,20,1.9,1.4,16,16.4,0,1.5,1.6,0.051,-2.4,0,-2.4,-0.2
MEM,Troy Daniels,25,67,1183,10.4,0.531,0.717,0.109,2.1,7.8,4.8,6.6,0.9,0.3,8,21.7,0.5,0.8,1.3,0.051,0.4,-3.5,-3.1,-0.3
MEM,Chandler Parsons,28,34,675,7.7,0.436,0.419,0.194,1,13.6,7.1,12.8,1.5,0.7,9.1,17.8,-0.5,0.7,0.2,0.015,-3.6,-0.5,-4.1,-0.3
MEM,Jarell Martin,22,42,558,8.7,0.477,0.166,0.331,8.4,25.3,16.6,2.2,1.6,1.5,13.9,16.4,-0.2,0.8,0.6,0.054,-5.8,-0.6,-6.4,-0.6
MEM,Brandan Wright,29,28,447,18.5,0.628,0.007,0.259,7.7,12.4,10,6,1.3,4.3,6.2,16.3,1.1,0.5,1.6,0.177,0,1.3,1.3,0.4
MEM,Troy Williams,22,24,418,7.8,0.474,0.333,0.203,1.6,11,6.2,7.2,3,2.1,16.3,17.4,-0.6,0.6,0,0.004,-4.6,1.5,-3,-0.1
MEM,Wade Baldwin,20,33,405,6.5,0.404,0.191,0.322,3,10.2,6.5,22.8,2.3,1.7,22.9,19.1,-0.8,0.5,-0.3,-0.041,-6.2,0.5,-5.7,-0.4
MEM,Toney Douglas,30,24,394,10.6,0.451,0.359,0.248,3.7,14.3,8.9,22.2,2.4,1.2,13.9,17.4,0,0.5,0.5,0.059,-2.2,1,-1.2,0.1
MEM,Deyonta Davis,20,36,238,10.6,0.528,0,0.383,9.3,19.8,14.4,1.3,0.7,6.8,12.7,12,0.1,0.4,0.5,0.097,-5.4,1.8,-3.7,-0.1
MEM,Wayne Selden,22,11,189,6.2,0.475,0.42,0.36,0.6,6.2,3.3,9.9,1.1,0.5,13.4,16.1,-0.1,0.1,0,-0.002,-4.1,-1.9,-6,-0.2
MIA,Hassan Whiteside,27,77,2513,22.6,0.579,0,0.368,12.8,35.3,24,3.8,1.1,5,12,22.7,4.2,5.3,9.5,0.181,-2,1.5,-0.5,0.9
MIA,Goran Dragic,30,73,2459,19.8,0.575,0.257,0.335,2.8,9.9,6.3,29,1.8,0.4,14.1,27.1,5,2.6,7.5,0.147,3.4,-0.7,2.7,2.9
MIA,Tyler Johnson,24,73,2178,15.9,0.535,0.303,0.308,2.5,12.5,7.4,16.6,1.9,1.6,8.8,20.9,3.1,2.7,5.8,0.128,0.7,0.8,1.5,1.9
MIA,James Johnson,29,76,2085,17,0.564,0.333,0.28,3.5,16.6,10,20.9,1.8,3.2,16.5,22,1.9,3.2,5.1,0.117,0.5,2.3,2.8,2.5
MIA,Rodney McGruder,25,78,1966,9.1,0.506,0.478,0.154,5.2,9.2,7.2,8.8,1.2,0.7,10.2,12.3,1.2,1.7,2.9,0.072,-0.8,0.5,-0.4,0.8
MIA,Josh Richardson,23,53,1614,10.7,0.493,0.442,0.15,2.4,9.2,5.8,12.7,1.9,1.9,10.6,16.8,0.3,1.9,2.2,0.066,-1,1.1,0.2,0.9
MIA,Wayne Ellington,29,62,1500,12.6,0.565,0.71,0.077,1.3,8.5,4.9,7.1,1.2,0.2,5,17.9,2.1,1.2,3.3,0.105,1.8,-1.9,-0.2,0.7
MIA,Dion Waiters,25,46,1384,14.5,0.507,0.324,0.192,1.4,10.9,6.1,23.8,1.5,1.1,12.5,26.3,0.2,1.5,1.6,0.057,-0.1,-0.8,-0.9,0.4
MIA,Luke Babbitt,27,68,1065,8.3,0.563,0.747,0.053,1.2,13.5,7.3,4.8,0.9,0.8,8,13,0.8,1,1.8,0.081,-1.1,-0.9,-1.9,0
MIA,Willie Reed,26,71,1031,17.1,0.578,0.014,0.309,13.7,22,17.8,3.9,0.9,3.6,8.7,15.3,2.1,1.5,3.6,0.168,-1.3,0.7,-0.6,0.4
MIA,Justise Winslow,20,18,625,8.2,0.399,0.156,0.209,4,12.7,8.3,15.5,2.1,0.8,11.8,19.8,-0.9,0.8,-0.1,-0.009,-4,1.2,-2.8,-0.1
MIA,Okaro White,24,35,471,7.5,0.507,0.391,0.253,5.8,13.5,9.6,6,1.1,1.7,15.7,10.8,0.1,0.5,0.6,0.066,-3.1,1,-2.1,0
MIA,Josh McRoberts,29,22,381,9.8,0.439,0.263,0.076,6.6,15,10.7,18.9,1.3,0.8,15.9,16.9,-0.1,0.4,0.3,0.036,-2.9,0.6,-2.4,0
MIA,Derrick Williams,25,25,377,10.1,0.465,0.328,0.365,4.7,16.9,10.7,5.6,1.2,1,8.1,20.4,-0.1,0.4,0.3,0.038,-3.8,-1.4,-5.2,-0.3
MIA,Udonis Haslem,36,16,130,8.8,0.524,0.13,0.652,6.7,24.1,15.3,6.4,2.3,0.6,21.3,12.8,0,0.2,0.2,0.074,-4.7,1.5,-3.2,0
MIL,Giannis Antetokounmpo,22,80,2845,26.1,0.599,0.143,0.486,5.9,22.6,14.3,26.6,2.3,4.7,13.3,28.3,7.9,4.5,12.4,0.21,4.1,3.5,7.6,6.9
MIL,Tony Snell,25,80,2336,9.7,0.603,0.656,0.107,1.1,11.1,6.2,5.9,1.2,0.5,8.8,12.1,2.1,1.3,3.4,0.071,0.2,-1.1,-0.8,0.7
MIL,Matthew Dellavedova,26,76,1986,9.4,0.501,0.403,0.18,1.4,7.1,4.3,25.7,1.4,0,18.8,16.3,0.3,0.9,1.2,0.029,-1.9,-2.8,-4.7,-1.4
MIL,Malcolm Brogdon,24,75,1982,14.9,0.555,0.304,0.198,2.8,9.6,6.3,24.3,2.2,0.5,14.1,18.5,2.6,1.5,4.1,0.1,0.6,-1.1,-0.5,0.8
MIL,Greg Monroe,26,81,1823,21.1,0.572,0.006,0.329,10.8,23.1,17,17.3,2.6,1.8,14.4,24.3,3,2.6,5.6,0.147,0.5,1.5,2,1.9
MIL,Jabari Parker,21,51,1728,19.1,0.563,0.219,0.268,5.4,15.7,10.6,14.3,1.5,1.1,9.3,26.5,2.6,1.5,4,0.112,1.5,-1.3,0.2,1
MIL,Jason Terry,39,74,1365,9.1,0.6,0.704,0.119,1.3,7.7,4.5,9.9,1.7,1.3,12.3,9.8,1.2,0.9,2.1,0.075,-0.5,-0.6,-1.1,0.3
MIL,Mirza Teletovic,31,70,1133,8.8,0.515,0.73,0.108,1.1,15.4,8.3,6.4,0.5,1,7.8,19.1,-0.1,0.7,0.6,0.025,-1.5,-3.4,-4.9,-0.8
MIL,John Henson,26,58,1123,15.3,0.55,0.003,0.346,9.6,20.8,15.3,7.7,1.3,6.1,12.7,16.6,1.2,1.6,2.7,0.116,-2.5,2.5,-0.1,0.6
MIL,Michael Beasley,28,56,935,17.8,0.584,0.106,0.259,5,18.9,12,9.9,1.5,2.5,12.7,25.3,0.8,1,1.8,0.092,-1.7,-1.1,-2.9,-0.2
MIL,Khris Middleton,25,29,889,15,0.57,0.312,0.276,1.5,14.5,8.1,17.5,2.3,0.7,14.8,22.5,0.7,0.9,1.6,0.085,0,-0.6,-0.5,0.3
MIL,Thon Maker,19,57,562,14,0.558,0.409,0.271,8.4,15.2,11.8,6.2,0.9,4.1,7.7,17.8,0.8,0.5,1.3,0.113,-0.5,-1,-1.5,0.1
MIL,Rashad Vaughn,20,41,458,7.8,0.449,0.519,0.032,1,11.3,6.2,7.4,2.1,1.9,8.1,17.2,-0.5,0.4,0,-0.005,-3.7,-1.2,-4.9,-0.3
MIL,Miles Plumlee,28,32,310,8,0.492,0,0.515,8.7,11.1,10,8.2,1.8,2.6,20.9,15.5,-0.2,0.3,0.1,0.021,-4.6,0.4,-4.2,-0.2
MIL,Spencer Hawes,28,19,171,18.6,0.62,0.441,0.305,4.1,26.3,15.3,17.7,0.6,2.1,11.9,20.3,0.4,0.2,0.6,0.16,1,-1,0,0.1
MIL,Gary Payton,24,6,99,4.5,0.413,0.409,0.227,0,14,7.1,18.1,1.5,3.6,29.2,15.8,-0.3,0.1,-0.2,-0.074,-7.3,0.6,-6.7,-0.1
MIL,Steve Novak,33,8,22,1.3,0.357,0.857,0,0,15.7,7.9,0,0,0,0,14.5,0,0,0,-0.075,-6.9,-6.7,-13.6,-0.1
MIL,Terrence Jones,25,3,6,1.5,0,0,0,0,57.6,29.1,0,8.5,14.7,0,22.8,-0.1,0,0,-0.312,-26.7,6.6,-20.1,0
MIL,Axel Toupane,24,2,6,-9.9,0,1,0,0,0,0,0,0,0,0,7.6,0,0,0,-0.191,-9.2,-3.5,-12.7,0
MIN,Andrew Wiggins,21,82,3048,16.5,0.534,0.184,0.345,3.8,8.8,6.3,10.6,1.4,0.8,9.4,29,3.3,0.9,4.2,0.066,0.2,-2.9,-2.7,-0.6
MIN,Karl-Anthony Towns,21,82,3030,25.9,0.618,0.186,0.289,11.2,27.8,19.4,13.2,0.9,2.9,11.3,27.5,9.9,2.8,12.7,0.201,4.7,0.2,4.9,5.3
MIN,Gorgui Dieng,27,82,2653,14.2,0.555,0.065,0.253,8.1,20.5,14.2,8.6,1.7,3.1,12.7,14,3.2,2.5,5.7,0.103,-0.5,2.2,1.8,2.5
MIN,Ricky Rubio,26,75,2469,16.8,0.539,0.302,0.438,3.2,11.4,7.2,38.9,2.6,0.3,20.1,17.4,4.5,1.7,6.1,0.119,1.7,-0.9,0.8,1.7
MIN,Zach LaVine,21,47,1749,14.6,0.576,0.437,0.197,1.2,9.5,5.3,12.6,1.2,0.5,9.9,21.7,2.6,0.4,3,0.082,2.2,-2.4,-0.3,0.8
MIN,Shabazz Muhammad,24,78,1516,14.9,0.566,0.242,0.318,6.4,10.6,8.5,3.7,0.7,0.3,7.6,21.5,2.5,0.2,2.7,0.086,-0.2,-4.3,-4.4,-0.9
MIN,Kris Dunn,22,78,1333,8.1,0.432,0.233,0.188,2.1,12.6,7.3,19.4,3,2.3,20.8,14.2,-1.2,1.3,0.1,0.004,-3.7,1.5,-2.2,-0.1
MIN,Nemanja Bjelica,28,65,1190,11,0.526,0.497,0.171,5.5,18.6,12,9.6,1.7,1.4,13.4,16.4,0.6,0.9,1.5,0.059,-0.7,-0.4,-1.1,0.3
MIN,Brandon Rush,31,47,1030,6.6,0.505,0.61,0.096,1.8,9.5,5.6,5.8,1.1,1.9,12.6,9.6,0.1,0.3,0.4,0.019,-2,-0.1,-2.1,0
MIN,Tyus Jones,20,60,774,13.8,0.523,0.403,0.238,1.5,8.7,5,28,3.1,0.6,16,13.6,1,0.6,1.5,0.096,-0.4,-1.5,-1.8,0
MIN,Cole Aldrich,28,62,531,12.7,0.549,0,0.256,11,23.9,17.4,6.4,2.4,3.7,15.1,9.4,0.6,0.7,1.3,0.116,-2,2.6,0.6,0.4
MIN,Omri Casspi,28,13,222,7.5,0.542,0.263,0.211,3.1,7.5,5.3,6.8,3,0.8,19.4,10.3,0,0.2,0.1,0.032,-2.3,0.7,-1.6,0
MIN,Adreian Payne,25,18,135,14.4,0.505,0.278,0.352,7.7,21,14.3,8,3,4.4,11.4,23.1,0,0.2,0.2,0.086,-2.2,0.7,-1.5,0
MIN,Lance Stephenson,26,6,67,6.6,0.48,0.095,0.095,0,17.7,8.7,11.2,0,0,15.5,17.1,-0.1,0,-0.1,-0.045,-6.1,-3.1,-9.2,-0.1
MIN,Jordan Hill,29,7,47,5.5,0.432,0,0.154,19.6,15.1,17.4,0,1.1,0,22.4,16.8,-0.1,0,0,-0.033,-6.7,-6.2,-12.9,-0.1
MIN,John Lucas III,34,5,11,9.1,0.25,0.25,0,0,0,0,12.5,9.2,0,0,16.1,0,0,0,-0.033,-6,0.5,-5.6,0
NOP,Anthony Davis,23,75,2708,27.5,0.58,0.088,0.424,6.7,27.9,17.2,11.1,1.7,5.1,9.1,32.6,5.9,5.1,11,0.195,1.4,2.3,3.7,3.9
NOP,Solomon Hill,25,80,2374,8,0.527,0.565,0.268,2.3,11.4,6.8,8.1,1.5,1.1,13.3,11.5,0.4,2.3,2.7,0.055,-1.8,1.5,-0.3,1
NOP,Jrue Holiday,26,67,2190,17.1,0.532,0.315,0.188,2.2,10.6,6.4,35.9,2.2,1.6,16.7,23.5,1.3,2.6,3.8,0.084,1.2,0.5,1.7,2
NOP,E'Twaun Moore,27,73,1820,12.1,0.537,0.336,0.12,1.9,6.9,4.4,13.8,1.3,1.4,8.7,17.4,1.2,1.5,2.7,0.07,-0.9,-0.5,-1.3,0.3
NOP,Dante Cunningham,29,66,1649,10.2,0.586,0.504,0.075,3.6,14.2,8.9,3.2,1.2,1.4,7,10.7,1.4,1.6,3,0.088,-1.3,0.8,-0.5,0.6
NOP,Tim Frazier,26,65,1525,12.4,0.504,0.317,0.319,2.3,9.7,6,31.4,1.8,0.3,18,16.3,1,1.4,2.4,0.075,-1.5,-0.7,-2.2,-0.1
NOP,Terrence Jones,25,51,1264,16.2,0.518,0.153,0.348,5.4,20,12.6,7.5,1.5,3.4,7.8,21.4,0.5,1.8,2.3,0.088,-2.6,1.3,-1.3,0.2
NOP,Buddy Hield,23,57,1161,9.9,0.503,0.512,0.07,1.7,13.4,7.5,10.3,0.8,0.5,9,20.4,-0.4,0.9,0.5,0.02,-1.9,-1.6,-3.5,-0.4
NOP,Langston Galloway,25,55,1120,11.2,0.508,0.608,0.118,1.9,9.6,5.7,8.8,1.7,0.4,5.7,19.5,0.2,1,1.2,0.052,-0.3,-1.4,-1.8,0.1
NOP,Alexis Ajinca,28,39,584,12.9,0.529,0.022,0.225,8.3,23.8,16,3.1,1.7,3.1,13.7,17.2,0,0.9,1,0.08,-5.1,1,-4.1,-0.3
NOP,DeMarcus Cousins,26,17,574,23.2,0.564,0.306,0.385,6.8,32.2,19.4,20.6,2.1,2.7,14.4,33.1,0.5,1.1,1.6,0.136,2,2.8,4.8,1
NOP,Omer Asik,30,31,482,9.8,0.517,0,0.6,10.4,25.3,17.8,4.2,0.5,1.7,14.6,8.8,0.4,0.6,1,0.1,-4.3,1.2,-3.1,-0.1
NOP,Donatas Motiejunas,26,34,479,9.1,0.47,0.341,0.355,5.7,16.6,11.1,9.7,1.8,1.9,16.3,17.6,-0.5,0.6,0.2,0.016,-4.2,1.1,-3.1,-0.1
NOP,Tyreke Evans,27,26,474,15.8,0.491,0.308,0.256,1.3,17.9,9.6,31.3,2.4,0.7,13.4,27.2,-0.1,0.7,0.5,0.053,-0.6,0.5,0,0.2
NOP,Jordan Crawford,28,19,442,17.6,0.582,0.436,0.119,0.9,7.2,4.1,22.7,1.2,0.4,9.8,25.5,0.6,0.3,0.9,0.102,2.6,-3,-0.4,0.2
NOP,Cheick Diallo,20,17,199,16.8,0.51,0,0.276,12.1,26.7,19.4,3.2,1,2.9,7.6,20.5,0.2,0.3,0.5,0.111,-4.6,-1,-5.6,-0.2
NOP,Hollis Thompson,25,9,191,4.7,0.378,0.585,0.22,2.2,13.3,7.7,6.3,1.5,0,4.3,10.9,-0.2,0.2,0,0.007,-4.3,0.2,-4.1,-0.1
NOP,Lance Stephenson,26,6,162,10.3,0.496,0.182,0.145,1.9,9.8,5.9,27.7,0.6,0.5,15.8,19,0,0.1,0.1,0.027,-3,-1.9,-4.8,-0.1
NOP,Anthony Brown,24,9,143,5.9,0.415,0.585,0,4.4,14.8,9.6,5.9,1.7,0.6,10.9,14.2,-0.2,0.2,0,-0.007,-4.3,0,-4.3,-0.1
NOP,Quinn Cook,23,9,111,15.3,0.614,0.293,0.073,0.9,2.9,1.9,20.7,1.3,0,10.6,18.9,0.2,0.1,0.3,0.11,0,-4,-4,-0.1
NOP,Reggie Williams,30,6,79,11.7,0.518,0.478,0.304,2.7,5.4,4,7.2,1.9,0,0,14.6,0.1,0.1,0.2,0.098,-0.8,-1.6,-2.4,0
NOP,Wayne Selden,22,3,47,10,0.82,0.875,0.5,0,11.3,5.6,3,2.1,0,23.5,12,0,0,0.1,0.089,-0.5,-0.7,-1.2,0
NOP,Axel Toupane,24,2,41,8.6,0.688,0.375,0,0,2.6,1.3,0,1.2,2,0,8.6,0.1,0,0.1,0.098,-1.9,-0.6,-2.5,0
NOP,Jarrett Jack,33,2,33,7.7,0.773,0.333,0.667,0,0,0,20.3,3,0,43.6,9.2,0,0,0,0.06,-5.3,-4.1,-9.3,-0.1
NOP,Archie Goodwin,22,3,30,19.7,0.798,0.4,2,0,0,0,4.5,0,2.7,0,13.9,0.2,0,0.2,0.291,2.2,-3.7,-1.5,0
NOP,Omri Casspi,28,1,24,10,0.667,0.444,0,4.4,4.4,4.4,0,0,0,18.2,20.3,0,0,0,0.015,-2.5,-5.6,-8.1,0
NYK,Carmelo Anthony,32,74,2538,17.9,0.535,0.303,0.263,2.6,16,9.3,14.5,1.2,1.1,9,29.1,3.2,1.5,4.7,0.089,1.5,-2.2,-0.7,0.8
NYK,Courtney Lee,31,77,2459,12.2,0.559,0.382,0.139,2.3,9,5.7,10.6,1.6,0.8,8.5,14.4,3.1,1.1,4.2,0.081,0.6,-0.7,-0.1,1.1
NYK,Kristaps Porzingis,21,66,2164,17.4,0.546,0.319,0.256,5.5,18.2,11.8,7.3,1.1,4.9,9.7,24.3,2.4,2.1,4.5,0.1,0.2,0,0.2,1.2
NYK,Derrick Rose,28,64,2082,17,0.53,0.061,0.259,3.4,9.3,6.4,22.8,1.1,0.7,11.9,25.7,2.4,0.6,3,0.068,0.2,-2.2,-1.9,0
NYK,Justin Holiday,27,82,1639,12.7,0.549,0.507,0.149,1.8,13.1,7.4,9.2,2,1.5,10.3,16.9,1.3,1.2,2.5,0.073,-0.3,-0.8,-1.1,0.4
NYK,Brandon Jennings,27,58,1428,12.7,0.508,0.466,0.315,1.6,9.9,5.7,28.6,1.9,0.2,17.8,18.1,0.8,0.7,1.5,0.052,-0.3,-2.2,-2.5,-0.2
NYK,Willy Hernangomez,22,72,1324,19,0.564,0.032,0.269,13.8,27.1,20.4,11.5,1.5,2.2,16.1,20.3,1.8,1.6,3.4,0.123,-0.6,0.6,0,0.7
NYK,Kyle O'Quinn,26,79,1229,20.5,0.552,0.041,0.201,13.7,24.8,19.2,14.8,1.5,6.9,14.5,18.5,2.1,1.8,3.9,0.151,-0.1,3.7,3.5,1.7
NYK,Mindaugas Kuzminskas,27,68,1016,12.4,0.533,0.455,0.184,5,8.4,6.7,10.3,1.4,0.9,11.3,19.2,0.8,0.4,1.2,0.055,-0.2,-2.5,-2.7,-0.2
NYK,Joakim Noah,31,46,1015,15.2,0.491,0.005,0.386,17.1,25.6,21.4,14.1,1.5,3,19.7,12.6,1,1.2,2.2,0.106,-0.7,2.8,2.1,1.1
NYK,Lance Thomas,28,46,968,8.4,0.516,0.348,0.209,3.5,12.3,7.9,5,1.1,0.4,8.6,13.1,0.6,0.4,0.9,0.046,-2.1,-1.6,-3.7,-0.4
NYK,Ron Baker,23,52,857,7.5,0.456,0.396,0.198,1.5,10.8,6.2,17.3,2,0.8,19.2,14.8,-0.6,0.5,-0.1,-0.008,-3.5,-0.9,-4.4,-0.5
NYK,Sasha Vujacic,32,42,408,8.6,0.423,0.544,0.176,3.2,12.4,7.8,17.9,1.6,0.4,9.8,17.3,-0.1,0.2,0.1,0.014,-2.1,-2.2,-4.3,-0.2
NYK,Maurice Ndour,24,32,331,11.3,0.503,0.081,0.302,7.1,13.7,10.4,3.5,2.3,2,11,14.3,0.1,0.3,0.4,0.059,-3.5,-0.3,-3.8,-0.1
NYK,Chasson Randle,23,18,225,12.3,0.555,0.444,0.431,2.9,10.1,6.5,18,1.3,0.4,15.7,19.6,0.3,0.1,0.4,0.075,-0.5,-3,-3.4,-0.1
NYK,Marshall Plumlee,24,21,170,10.9,0.521,0,0.633,14.5,17.8,16.2,8.1,1.2,1.9,23.8,12.8,0,0.1,0.2,0.048,-2.9,0.1,-2.8,0
OKC,Russell Westbrook,28,81,2802,30.6,0.554,0.3,0.433,5.4,28.8,17.1,57.3,2.3,0.9,15.9,41.7,8.5,4.6,13.1,0.224,10.9,4.7,15.6,12.4
OKC,Steven Adams,23,80,2389,16.5,0.589,0.002,0.392,13,15.4,14.2,5.4,1.8,2.6,16,16.2,3.3,3.1,6.5,0.13,-0.7,1.2,0.6,1.5
OKC,Andre Roberson,25,79,2376,9.6,0.51,0.397,0.24,4.6,14.2,9.4,4.6,1.9,2.7,9.1,10.1,1.1,3.1,4.2,0.085,-2.1,2.1,0,1.2
OKC,Victor Oladipo,24,67,2222,13.6,0.534,0.378,0.165,1.9,12.6,7.2,12.5,1.7,0.8,10.6,21.4,1.7,2.3,4,0.085,-0.4,-0.9,-1.3,0.4
OKC,Domantas Sabonis,20,81,1632,6.9,0.469,0.331,0.139,3.1,16.4,9.8,7.2,1.2,1.6,14,15.4,-1,1.8,0.8,0.022,-4.7,-0.1,-4.8,-1.2
OKC,Enes Kanter,24,72,1533,23.7,0.599,0.052,0.387,14.1,20.8,17.4,7.9,1,2,12.5,27.3,4,1.8,5.8,0.183,0.6,-1.9,-1.2,0.3
OKC,Jerami Grant,22,78,1490,10.3,0.566,0.367,0.447,2.8,12,7.4,4.3,1.1,4,9.9,11.8,1.3,1.7,3,0.098,-2.7,1,-1.7,0.1
OKC,Alex Abrines,23,68,1055,10.1,0.56,0.724,0.144,1.9,7.1,4.5,5.5,1.7,0.6,8.3,15.9,1.2,0.9,2.1,0.096,-0.3,-2.2,-2.5,-0.1
OKC,Semaj Christon,24,64,973,5.7,0.387,0.283,0.139,2.2,7.8,4.9,18.1,1.4,0.6,15.4,12.2,-0.7,0.8,0.1,0.006,-5.1,-1.2,-6.3,-1.1
OKC,Joffrey Lauvergne,25,50,739,12.9,0.531,0.32,0.238,7.6,19.8,13.7,10.3,1.2,0.6,12.9,17.8,0.6,0.8,1.4,0.091,-1.9,-1,-2.9,-0.2
OKC,Anthony Morrow,31,40,627,9.2,0.491,0.534,0.117,1.9,3.2,2.6,4.5,1.7,0.3,2.5,16.3,0.4,0.4,0.9,0.069,-1.6,-2.9,-4.5,-0.4
OKC,Taj Gibson,31,23,487,13.8,0.528,0.006,0.218,8.6,14.8,11.7,4.2,1.4,2.5,12.5,19.5,0.2,0.6,0.8,0.076,-3.9,-0.7,-4.6,-0.3
OKC,Doug McDermott,25,22,430,9.3,0.551,0.468,0.137,1.5,11.1,6.3,4.4,0.2,0.2,4.4,13.6,0.5,0.2,0.7,0.08,-2.1,-2.9,-4.9,-0.3
OKC,Kyle Singler,28,32,385,5.9,0.486,0.446,0.205,2.3,11.5,6.9,3.2,0.9,1,10.8,11.2,0,0.3,0.3,0.034,-4.6,-1.3,-5.9,-0.4
OKC,Cameron Payne,22,20,320,6.1,0.402,0.4,0.031,0.7,10.1,5.4,18.3,1.5,1,10.8,19.6,-0.4,0.3,-0.1,-0.012,-4.7,-2,-6.8,-0.4
OKC,Nick Collison,36,20,128,12.9,0.622,0.043,0.348,7.8,19.1,13.4,13.2,0.8,1.2,13.1,10.1,0.3,0.1,0.4,0.145,-1.8,0,-1.8,0
OKC,Norris Cole,28,13,125,5.4,0.381,0.25,0.192,0,9.8,4.9,16.3,3.1,0,11,21.5,-0.2,0.2,-0.1,-0.033,-6.5,-1.7,-8.2,-0.2
OKC,Ersan Ilyasova,29,3,62,6.9,0.469,0.75,0,3.6,25,14.3,2.2,2.4,1.3,20,13.7,-0.1,0.1,0,0.012,-5.8,-0.4,-6.3,-0.1
OKC,Josh Huestis,25,2,31,26.1,0.612,0.364,0.091,14.3,17.9,16.1,15.5,0,7.7,0,15.7,0.1,0,0.2,0.265,3.9,1.8,5.7,0.1
ORL,Elfrid Payton,22,82,2412,17.2,0.52,0.16,0.231,3.9,13.9,8.7,35.7,1.8,1.3,15,21.6,2.4,2,4.4,0.088,0.7,0.2,0.9,1.7
ORL,Aaron Gordon,21,80,2298,14.5,0.53,0.309,0.251,5.3,14.1,9.6,10.5,1.4,1.4,8.5,20.1,2,1.7,3.7,0.077,-0.2,-0.4,-0.7,0.8
ORL,Evan Fournier,24,68,2234,13.9,0.555,0.387,0.298,2.1,8.3,5.1,14.8,1.5,0.1,11.8,23.5,1.7,1.1,2.8,0.059,0.8,-2.2,-1.3,0.4
ORL,Nikola Vucevic,26,75,2163,19.1,0.498,0.073,0.155,8.6,31.3,19.6,16.9,1.7,2.8,9.6,24.8,0.8,3.1,4,0.088,-1.4,2.3,0.9,1.6
ORL,Bismack Biyombo,24,81,1793,12.2,0.546,0,0.69,9.3,25.6,17.2,6,0.7,4.1,17.7,13.2,0.8,2.1,2.9,0.077,-4.2,2,-2.2,-0.1
ORL,Serge Ibaka,27,56,1710,17.5,0.569,0.304,0.129,6.2,18.5,12.2,5.9,1,4.3,8.2,20.8,2.1,1.7,3.8,0.108,-0.1,0.4,0.3,1
ORL,D.J. Augustin,29,78,1538,11,0.524,0.53,0.311,1,7.4,4.1,20.4,1,0.1,13.3,19.4,0.7,0.5,1.2,0.038,-0.9,-3.3,-4.2,-0.9
ORL,Jeff Green,30,69,1534,10.5,0.505,0.346,0.301,2.7,12.8,7.6,8.1,1.2,0.7,10.6,20.3,-0.2,0.9,0.7,0.022,-2.8,-1.8,-4.6,-1
ORL,C.J. Watson,32,62,1012,9.3,0.507,0.423,0.266,1.7,8.1,4.8,16.1,2.1,0.2,14.5,14.1,0.2,0.6,0.9,0.041,-2.5,-1.1,-3.6,-0.4
ORL,Mario Hezonja,21,65,960,7.2,0.45,0.436,0.152,2.2,14.7,8.3,9.6,1.5,1.3,14.1,18.8,-1.4,0.8,-0.7,-0.033,-4.8,-0.9,-5.7,-0.9
ORL,Terrence Ross,25,24,748,11.1,0.536,0.506,0.101,0.6,9.6,5,9,2.3,1.4,11.2,18.5,0,0.6,0.6,0.037,-1,-0.2,-1.2,0.1
ORL,Jodie Meeks,29,36,738,13.1,0.567,0.535,0.289,0.7,10.9,5.7,9.3,2.3,0.4,11.1,19.4,0.5,0.6,1.1,0.073,-0.4,-1.4,-1.8,0
ORL,Damjan Rudez,30,45,314,6.3,0.466,0.727,0,1.7,7.1,4.3,9.2,1.9,0.3,9.3,13.6,-0.1,0.2,0.1,0.008,-2.8,-1.9,-4.6,-0.2
ORL,C.J. Wilcox,26,22,108,2.9,0.329,0.484,0.065,3.9,8.3,6.1,15.5,0.9,0.7,15.8,15.4,-0.2,0,-0.2,-0.09,-6.5,-2.1,-8.6,-0.2
ORL,Stephen Zimmerman,20,19,108,7.3,0.346,0,0.161,10.8,24.9,17.6,5.3,0.9,3.7,8.3,14.8,-0.1,0.1,0,-0.005,-7.8,0.4,-7.3,-0.1
ORL,Marcus Georges-Hunt,22,5,48,10.2,0.614,0.286,1.429,2.2,18.7,10.2,8.3,1,0,14.9,12.3,0.1,0,0.1,0.107,-3.4,-1.3,-4.7,0
ORL,Patricio Garino,23,5,43,-9.2,0,0.714,0,2.5,15.6,8.9,0,0,0,30,10.2,-0.2,0,-0.2,-0.25,-14.1,-3.3,-17.3,-0.2
ORL,Arinze Onuaku,29,8,28,5.8,0.5,0,0,7.6,16,11.7,9.9,0,2.9,33.3,9.4,0,0,0,-0.005,-6.5,0.7,-5.9,0
ORL,Anthony Brown,24,2,16,18.5,0.5,0.333,0,13.2,35,23.8,23,0,0,10,27.5,0,0,0,0.076,0.9,-1.8,-0.8,0
PHI,Nik Stauskas,23,80,2188,9,0.54,0.566,0.237,1.1,10.3,5.7,12.9,1,1.2,15.5,16.4,0.1,1.4,1.4,0.031,-1.7,-0.7,-2.4,-0.2
PHI,T.J. McConnell,24,81,2133,13.7,0.504,0.107,0.176,2,11,6.5,37.5,3.1,0.4,22.4,14.4,1.4,2.4,3.8,0.084,-2,0.1,-1.9,0
PHI,Dario Saric,22,81,2129,12.8,0.508,0.368,0.237,5.8,20.8,13.3,14.3,1.3,1.1,15.2,24.6,-1.2,2.2,1,0.023,-2,-0.2,-2.2,-0.1
PHI,Robert Covington,26,67,2119,13.2,0.534,0.563,0.238,4.8,17.9,11.3,7.5,2.9,2.6,13.9,19.2,0,3.2,3.1,0.071,-0.7,2,1.4,1.8
PHI,Gerald Henderson,29,72,1667,10.8,0.529,0.313,0.298,2.2,10,6.1,10.5,1.2,0.7,9,17.9,1,1,2,0.059,-1.8,-1.3,-3.1,-0.5
PHI,Sergio Rodriguez,30,68,1518,11.1,0.484,0.47,0.05,1.5,9.9,5.7,35.4,1.6,0.2,18.9,19.3,-0.3,1,0.7,0.023,-1.6,-2.3,-3.8,-0.7
PHI,Ersan Ilyasova,29,53,1447,15.4,0.553,0.46,0.219,5.4,18.5,12,11.5,1.1,0.8,9.9,23.6,1.4,1.3,2.6,0.088,0.9,-1.3,-0.4,0.6
PHI,Richaun Holmes,23,57,1193,18.6,0.611,0.187,0.25,8.7,20.1,14.4,8.3,1.7,3.7,10.7,18.6,2.2,1.6,3.8,0.151,0.2,1.5,1.7,1.1
PHI,Timothe Luwawu-Cabarrot,21,69,1190,8.5,0.536,0.446,0.341,2.3,11.5,6.9,9.6,1.3,0.7,15,17.8,0,0.8,0.8,0.034,-2.8,-1.2,-4,-0.6
PHI,Jahlil Okafor,21,50,1134,14.8,0.546,0,0.335,7.8,15.5,11.7,9,0.9,3.4,14.4,24.1,0.1,1.1,1.2,0.05,-3.4,0.1,-3.3,-0.4
PHI,Joel Embiid,22,31,786,24.1,0.584,0.228,0.569,8.5,25.6,17,16,1.7,7.7,17.9,36,0.5,1.5,1.9,0.117,0,3.2,3.1,1
PHI,Nerlens Noel,22,29,564,20.8,0.634,0.006,0.36,9,19.2,14.1,9,3.7,3.7,12.5,17.8,1.1,1,2.2,0.184,0.2,3.7,3.9,0.8
PHI,Hollis Thompson,25,31,561,9,0.51,0.447,0.126,2.9,13.6,8.2,7,1.2,0.8,5.1,13.7,0.3,0.4,0.7,0.06,-2.3,-0.8,-3,-0.1
PHI,Justin Anderson,23,24,518,12.8,0.564,0.444,0.253,6.4,14.1,10.2,10.4,1.2,1.1,12.6,17.2,0.5,0.4,0.9,0.084,-0.4,-0.6,-1,0.1
PHI,Shawn Long,24,18,234,24.1,0.595,0.174,0.321,19.3,20.8,20,10.7,1.9,3.1,9.5,25.4,0.6,0.3,0.9,0.195,3.4,0,3.4,0.3
PHI,Alex Poythress,23,6,157,13.2,0.548,0.352,0.185,7.7,12.7,10.2,5.1,0.9,1,4.9,16.9,0.2,0.1,0.3,0.099,-0.6,-1.9,-2.5,0
PHI,Tiago Splitter,32,8,76,15,0.544,0.194,0.355,11.6,20.3,15.9,8.9,0.6,1,14.3,23.9,0.1,0.1,0.1,0.072,-2.6,-2.5,-5,-0.1
PHI,Chasson Randle,23,8,74,17.7,0.671,0.577,0.462,0,7.5,3.7,13.2,2,1.1,8.8,20.1,0.2,0.1,0.3,0.197,2.6,-2.7,-0.1,0
PHI,Jerryd Bayless,28,3,71,8.7,0.453,0.156,0.313,4.6,14,9.3,29.4,0,0,19.8,27.7,-0.1,0,-0.1,-0.067,-5.2,-2.9,-8.2,-0.1
PHI,Jerami Grant,22,2,41,3,0.39,0.118,0.471,0,16.2,8.1,0,0,7.7,12.8,24.9,-0.2,0,-0.1,-0.144,-13.7,-2.5,-16.2,-0.1
PHI,Justin Harper,27,3,31,4.9,0.5,0.583,0,7.1,10.7,8.9,10.5,0,0,25,22.4,-0.1,0,-0.1,-0.103,-5.1,-3.8,-8.9,-0.1
PHO,Devin Booker,20,78,2730,14.6,0.531,0.283,0.308,1.8,8.3,5,16.3,1.3,0.6,12.9,28.6,1.3,0.6,2,0.035,0.4,-2.7,-2.3,-0.2
PHO,Eric Bledsoe,27,66,2176,20.5,0.563,0.3,0.443,2.5,13.8,8,31.1,2,1.2,15.3,28.1,4,1.4,5.3,0.118,3.7,-0.4,3.3,2.9
PHO,T.J. Warren,23,66,2048,15.6,0.539,0.12,0.189,6.5,11.7,9,5.8,1.8,1.5,6.1,19.2,3,1.1,4.1,0.096,0.2,-0.5,-0.3,0.9
PHO,Marquese Chriss,19,82,1743,12.3,0.529,0.354,0.286,5.8,16.1,10.8,5.2,1.8,3.2,13.2,19.7,0.3,1.5,1.8,0.05,-1.6,0,-1.6,0.2
PHO,P.J. Tucker,31,57,1627,10.6,0.517,0.384,0.218,6.1,17,11.4,6.1,2.5,0.7,11.8,11.3,1,1.3,2.4,0.069,-0.7,1.5,0.8,1.2
PHO,Alex Len,23,77,1560,15,0.553,0.026,0.449,10.6,25.3,17.8,4.2,1.2,5.1,15.5,17.6,1.2,1.7,3,0.091,-3,1.3,-1.7,0.1
PHO,Jared Dudley,31,64,1362,10.6,0.579,0.587,0.188,2.4,15.9,9,12.5,1.5,0.9,16.3,13.8,1.1,0.7,1.8,0.064,-0.1,-0.1,-0.3,0.6
PHO,Tyson Chandler,34,47,1298,16.6,0.703,0,0.544,12.5,33.2,22.6,3.3,1.2,1.5,18.7,11.2,2.7,1.3,4.1,0.151,-0.7,0.3,-0.3,0.5
PHO,Brandon Knight,25,54,1140,12.4,0.502,0.265,0.293,2.3,9.1,5.6,17.8,1.1,0.4,12.9,25,0.1,0.2,0.3,0.015,-1.4,-3,-4.5,-0.7
PHO,Tyler Ulis,21,61,1123,13,0.474,0.181,0.162,1.9,7.5,4.6,30.5,2,0.4,14.1,20.3,0.3,0.4,0.7,0.029,-1.5,-2.5,-4,-0.6
PHO,Leandro Barbosa,34,67,963,11.5,0.509,0.25,0.115,1.6,10.3,5.9,13,1.5,0.7,10.4,20,0.3,0.4,0.6,0.031,-2,-2.1,-4.1,-0.5
PHO,Alan Williams,24,47,708,19.5,0.547,0.004,0.419,14,31.2,22.4,5.2,1.8,3.7,10.5,20.9,1.1,0.9,2.1,0.142,-1.8,0.1,-1.7,0.1
PHO,Dragan Bender,19,43,574,5.3,0.44,0.627,0.068,4.2,15.6,9.7,5.5,0.8,3.1,16.2,14.4,-0.7,0.3,-0.3,-0.029,-4,-0.3,-4.3,-0.3
PHO,Derrick Jones,19,32,545,12,0.604,0.091,0.339,7.6,8.2,7.9,3.1,1.2,1.9,8.6,11.7,0.9,0.2,1.1,0.098,-0.5,-0.6,-1.1,0.1
PHO,Ronnie Price,33,14,134,5.9,0.272,0.708,0.167,2.4,6.7,4.5,16.9,3.9,0.6,10.4,9,-0.1,0.1,0,0.002,-3.2,0.8,-2.4,0
PHO,Jarell Eddie,25,5,62,9.7,0.523,0.842,0.474,1.7,10.8,6.1,0,0.8,0,4.2,16.2,0.1,0,0.1,0.054,-1.5,-5.9,-7.3,-0.1
PHO,Elijah Millsap,29,2,23,-3.4,0.19,0.286,0.286,13.8,14.6,14.2,5.6,0,0,20.2,18,-0.1,0,-0.1,-0.233,-10,-3.3,-13.2,-0.1
PHO,John Jenkins,25,4,13,17.3,0.595,0.4,0.4,0,8.6,4.2,11.5,0,0,0,18.9,0,0,0,0.167,1.4,-5.5,-4.1,0
POR,C.J. McCollum,25,80,2796,19.9,0.585,0.305,0.204,2.4,9.1,5.7,18,1.3,1.2,9.9,27.5,6.2,1.4,7.6,0.131,3.2,-2.3,1,2.1
POR,Damian Lillard,26,75,2694,24.1,0.586,0.389,0.366,1.9,13.3,7.6,28.7,1.3,0.6,10.2,31.5,8.8,1.5,10.4,0.185,6.4,-2,4.3,4.3
POR,Allen Crabbe,24,79,2254,11.6,0.602,0.467,0.192,0.9,10.2,5.6,6.1,1.2,0.7,8.1,14.9,3.1,1,4.2,0.089,0.3,-1.3,-1,0.6
POR,Maurice Harkless,23,77,2223,13.1,0.57,0.311,0.199,6.2,10.8,8.5,5.9,1.9,2.5,11.2,15.2,2.3,1.9,4.2,0.091,0,0.7,0.7,1.5
POR,Al-Farouq Aminu,26,61,1773,11.3,0.506,0.455,0.292,4.8,23.5,14.1,7.9,1.7,2,15.2,15.4,-0.1,2,1.9,0.051,-2.3,1.2,-1.1,0.4
POR,Evan Turner,28,65,1658,11.4,0.491,0.214,0.187,2.4,14.2,8.3,18.4,1.6,1.2,14.3,18.5,0,1.2,1.2,0.035,-2.5,-0.1,-2.6,-0.3
POR,Mason Plumlee,26,54,1516,18.9,0.552,0.011,0.507,8.7,22.9,15.8,21.4,1.6,3.3,14,18.3,2.8,1.8,4.6,0.147,0.3,2.8,3.1,2
POR,Noah Vonleh,21,74,1265,10.8,0.525,0.074,0.348,11.4,22.5,17,3.4,1.2,1.7,17.1,13.1,0.6,1.2,1.8,0.069,-3.5,-0.3,-3.9,-0.6
POR,Meyers Leonard,24,74,1222,8.9,0.507,0.563,0.106,2.4,19.1,10.8,8.4,0.5,1.8,8.1,15.5,0.5,0.8,1.4,0.053,-2.1,-1.3,-3.3,-0.4
POR,Ed Davis,27,46,789,11.5,0.563,0,0.57,13.4,20.9,17.1,4.6,0.9,2.2,17.2,12,1,0.7,1.7,0.104,-2.2,0.1,-2.1,0
POR,Jusuf Nurkic,22,20,584,21.1,0.545,0.004,0.411,12.3,27.1,19.7,17.7,2.1,5.2,18.2,25.7,0.4,1,1.4,0.116,-1.1,3.8,2.7,0.7
POR,Shabazz Napier,25,53,512,13.6,0.533,0.503,0.268,1.7,11.5,6.6,19.5,3.1,0.3,16.7,21.2,0.1,0.5,0.6,0.06,-0.9,-1.3,-2.2,0
POR,Pat Connaughton,24,39,316,11.8,0.645,0.458,0.125,3.5,14.8,9.1,12.7,0.9,0.5,18.3,13,0.4,0.2,0.6,0.09,-0.9,-1.6,-2.5,0
POR,Jake Layman,22,35,249,4.9,0.404,0.573,0.191,2.7,8,5.3,6.2,1.8,1,10.2,19,-0.4,0.1,-0.3,-0.054,-4.7,-2.7,-7.4,-0.3
POR,Tim Quarterman,22,16,80,10.2,0.511,0.448,0.103,5.5,13.9,9.7,21.1,1.2,3,26.6,22.8,-0.1,0.1,-0.1,-0.044,-4,-0.8,-4.8,-0.1
SAC,Darren Collison,29,68,2063,15.3,0.57,0.245,0.239,1.3,7.1,4.3,24.5,1.6,0.4,12.6,19.8,3.1,0.8,3.9,0.091,0.8,-2.3,-1.5,0.3
SAC,DeMarcus Cousins,26,55,1891,26.5,0.562,0.239,0.491,7.1,28.3,17.8,27.4,2,3.6,13.2,37.5,3.4,2.6,6,0.153,4.5,2.6,7.1,4.3
SAC,Ty Lawson,29,69,1732,15.4,0.551,0.226,0.416,3,8.9,6,29.9,2.2,0.3,17.3,19.5,2.2,1,3.2,0.088,0.2,-1.5,-1.3,0.3
SAC,Garrett Temple,30,65,1728,11.2,0.545,0.509,0.171,2.2,10.1,6.2,14.4,2.5,1.5,14.4,14.2,0.9,1.3,2.2,0.061,-0.3,0.6,0.3,1
SAC,Arron Afflalo,31,61,1580,8.9,0.559,0.36,0.221,0.7,8.4,4.6,7.4,0.7,0.3,8.4,14.4,1.2,0.2,1.4,0.043,-1.4,-2.1,-3.5,-0.6
SAC,Anthony Tolliver,31,65,1477,11.1,0.595,0.655,0.234,4,14.4,9.3,7.7,1.2,1.2,12.6,13.6,1.5,0.8,2.3,0.075,0.2,-0.7,-0.4,0.6
SAC,Willie Cauley-Stein,23,75,1421,16.3,0.558,0.004,0.314,7,20.4,13.8,9.4,1.9,2.8,11.2,19.7,1.4,1.5,2.9,0.1,-2,0.8,-1.2,0.3
SAC,Kosta Koufos,27,71,1419,13.8,0.56,0.003,0.158,9.7,23,16.4,5.3,1.3,3.1,12.7,15.3,1.2,1.4,2.6,0.089,-2.6,0.7,-1.9,0
SAC,Matt Barnes,36,54,1367,10.2,0.501,0.551,0.172,4.7,19.9,12.4,16.3,1.3,1.1,16.8,16.4,-0.1,1,1,0.034,-1.2,0.3,-1,0.4
SAC,Ben McLemore,23,61,1176,9.8,0.538,0.406,0.222,1.9,10.7,6.3,6.9,1.2,0.5,11.9,20.1,-0.1,0.5,0.4,0.015,-2.2,-2.7,-4.9,-0.9
SAC,Rudy Gay,30,30,1013,17.9,0.559,0.256,0.312,4,17.5,10.8,14.1,2.2,2.3,12.8,25.8,0.8,1,1.8,0.087,0.3,0.4,0.7,0.7
SAC,Buddy Hield,23,25,727,14.9,0.6,0.466,0.145,2.6,13.7,8.2,10.3,1.4,0.3,14.4,22.9,0.4,0.4,0.8,0.053,0.7,-2.2,-1.5,0.1
SAC,Skal Labissiere,20,33,612,16.8,0.577,0.037,0.339,9.7,20.7,15.3,7.5,1.3,1.9,12.9,21.3,0.7,0.5,1.3,0.099,-1.7,-0.9,-2.6,-0.1
SAC,Omri Casspi,28,22,397,11.4,0.511,0.248,0.179,5.9,20.2,13.1,10.1,1.3,0.2,11.9,16.3,0.1,0.3,0.4,0.043,-2.5,-0.9,-3.4,-0.1
SAC,Langston Galloway,25,19,375,8,0.522,0.385,0.115,2.2,8.5,5.4,11.2,0.8,0.2,14.1,15.4,0,0.1,0.1,0.007,-2.5,-2.4,-5,-0.3
SAC,Georgios Papagiannis,19,22,355,12.7,0.573,0.02,0.137,7.9,20,14,9,0.4,4.4,18.2,16.9,0.1,0.3,0.4,0.057,-3.5,0.8,-2.7,-0.1
SAC,Tyreke Evans,27,14,314,14.9,0.516,0.336,0.238,2.6,16,9.4,17.7,1.9,1.5,12.2,26,0,0.3,0.2,0.034,-1,-1.2,-2.2,0
SAC,Malachi Richardson,21,22,198,9.6,0.517,0.412,0.279,1.8,11.5,6.7,8.7,1.3,0.5,9.5,19.3,0,0.1,0.1,0.028,-2.5,-3,-5.5,-0.2
SAC,Jordan Farmar,30,2,35,14.4,0.5,0.75,0,3.3,6.5,5,38.6,2.9,0,20,19.4,0,0,0,0.063,0.7,-3.7,-3,0
SAS,Kawhi Leonard,25,74,2474,27.6,0.61,0.295,0.406,3.7,15.7,9.8,18.9,2.7,1.8,9.1,31.1,8.9,4.7,13.6,0.264,6.4,1.5,7.9,6.2
SAS,LaMarcus Aldridge,31,72,2335,18.6,0.532,0.053,0.258,8.5,16.6,12.7,9.9,1,3,7.7,24.5,3.5,3.7,7.2,0.149,-0.3,1.3,1,1.8
SAS,Danny Green,29,68,1807,10.1,0.537,0.693,0.071,2,11.8,7,9.6,2,2.6,14.1,13.5,0.4,3,3.4,0.09,-0.3,2.7,2.4,2
SAS,Patty Mills,28,80,1754,15.2,0.578,0.572,0.129,1.6,7.4,4.6,24.3,1.9,0.1,13.3,19.5,2.9,2.2,5.1,0.139,2.5,-1.2,1.3,1.5
SAS,Pau Gasol,36,64,1627,20.2,0.578,0.172,0.305,7.6,26.8,17.4,14.7,0.8,3.5,10.6,21.3,3.3,3.1,6.4,0.19,0.9,2.8,3.7,2.4
SAS,Tony Parker,34,63,1587,13,0.514,0.121,0.206,0.7,7.3,4,27.8,1.1,0.1,12.5,20.2,1.4,1.7,3,0.092,-1.2,-1.7,-3,-0.4
SAS,David Lee,33,79,1477,18.5,0.613,0,0.269,11.7,21.9,16.9,13,1.1,2.2,14.9,16.9,3.2,2.5,5.7,0.186,0.7,2.5,3.2,1.9
SAS,Jonathon Simmons,27,78,1392,9.9,0.504,0.242,0.314,1.7,11.1,6.5,13.2,1.7,1.5,13.7,18,-0.1,2.1,2,0.068,-2.8,0.9,-1.9,0
SAS,Dewayne Dedmon,27,76,1330,16,0.645,0,0.359,11.2,30.6,21.1,4.8,1.4,3.7,16.9,12.3,2.3,3,5.2,0.189,-1.6,3.2,1.7,1.2
SAS,Manu Ginobili,39,69,1291,13.9,0.532,0.517,0.244,2.5,11.1,6.9,20.8,3.2,1,16.5,20.4,0.6,2.4,3,0.11,0.5,1.4,1.9,1.3
SAS,Kyle Anderson,23,72,1020,12.5,0.525,0.191,0.273,3.7,19,11.5,12.4,2.5,2.1,14.3,12.1,0.7,2,2.7,0.127,-2.1,3.7,1.6,0.9
SAS,Davis Bertans,24,67,808,12.9,0.609,0.739,0.145,3.2,10.4,6.9,8.3,1.3,2.8,11.4,15.7,1.1,1.2,2.3,0.135,1.2,0.6,1.8,0.8
SAS,Dejounte Murray,20,38,322,9.6,0.503,0.198,0.259,2.2,12.4,7.4,22.6,1.3,1.5,22.7,23.5,-0.4,0.5,0,0.004,-4.6,-0.2,-4.8,-0.2
SAS,Bryn Forbes,23,36,285,5.9,0.462,0.535,0.061,0.8,8.2,4.6,11.7,0.2,0,9.8,17.9,-0.2,0.2,0.1,0.014,-3.2,-2.8,-6,-0.3
SAS,Nicolas Laprovittola,27,18,174,8.4,0.579,0.574,0.191,0.7,5.7,3.3,23,1.2,0.5,27.2,18.2,0,0.2,0.2,0.044,-2.5,-2.4,-4.9,-0.1
SAS,Joel Anthony,34,19,122,11.6,0.64,0,0.5,7.6,20.9,14.4,3.4,0.8,4,17,8.7,0.1,0.2,0.4,0.141,-3.1,2.5,-0.6,0
TOR,DeMar DeRozan,27,74,2620,24,0.552,0.08,0.419,3,13.6,8.3,20.6,1.5,0.4,9,34.3,6.7,2.4,9,0.166,2.4,-1.5,0.9,1.9
TOR,Kyle Lowry,30,60,2244,22.9,0.623,0.51,0.398,2.4,12,7.2,29.9,2,0.7,13.8,24.9,7.8,2.3,10.1,0.216,7.1,-0.5,6.6,4.9
TOR,Jonas Valanciunas,24,80,2066,20.1,0.601,0.003,0.309,12.4,29.1,20.8,4.4,0.9,2.6,11.7,19.5,4.9,3,7.9,0.183,-0.5,-0.1,-0.6,0.7
TOR,Cory Joseph,25,80,2003,13.2,0.518,0.204,0.185,2.9,10.4,6.6,20,1.7,0.6,13.1,18.4,1.7,1.7,3.4,0.082,-0.4,-0.4,-0.8,0.6
TOR,DeMarre Carroll,30,72,1882,11.9,0.53,0.582,0.213,3.8,12.7,8.3,5.7,2.2,1.2,8.2,15.6,1.7,2.1,3.8,0.097,0.7,0.4,1,1.4
TOR,Patrick Patterson,27,65,1599,10.8,0.542,0.659,0.156,4.4,16.3,10.4,6.6,1.3,1.2,8.5,12.5,1.7,1.6,3.3,0.1,0.5,0.4,0.9,1.2
TOR,Norman Powell,23,76,1368,14,0.552,0.342,0.314,2.2,11.8,7,9.3,1.9,0.9,10.8,21.1,1.4,1.4,2.8,0.097,-0.4,-1.1,-1.5,0.2
TOR,Terrence Ross,25,54,1207,14.9,0.558,0.534,0.104,1.3,11.6,6.5,5.9,2.2,1.4,6.2,19.8,1.6,1.3,2.9,0.116,1.2,-0.9,0.3,0.7
TOR,Lucas Nogueira,24,57,1088,15.5,0.682,0.077,0.429,8.5,16.8,12.7,5.4,2.4,7.1,19.9,9.5,1.7,2,3.7,0.164,-0.1,5.6,5.4,2
TOR,Pascal Siakam,22,55,859,11.5,0.523,0.034,0.156,8.4,15.9,12.2,2.9,1.5,4.5,13.1,13.1,0.4,1.2,1.6,0.089,-3,1.9,-1.1,0.2
TOR,Serge Ibaka,27,23,712,13.8,0.556,0.369,0.122,4.6,20.1,12.4,3.3,0.5,4,11.7,20.9,0.4,0.8,1.3,0.085,-1.5,-0.5,-2.1,0
TOR,Jakob Poeltl,21,54,626,12.2,0.589,0,0.496,14.1,15.7,14.9,2.7,1.4,2.8,17.2,12.1,0.9,0.7,1.6,0.125,-1.2,0.5,-0.7,0.2
TOR,P.J. Tucker,31,24,609,10.4,0.515,0.469,0.125,4.3,19.6,12,5.9,2.6,0.7,9.4,10.9,0.4,0.9,1.3,0.099,-0.7,1.9,1.1,0.5
TOR,Delon Wright,24,27,446,15,0.535,0.259,0.474,4.1,8.1,6.1,18.2,3.1,2.1,15.1,16.6,0.5,0.6,1.1,0.117,-0.1,1.2,1.1,0.4
TOR,Fred VanVleet,22,37,294,10.5,0.443,0.261,0.198,1.5,14.6,8.1,17.5,2.8,0.9,11.1,20.6,-0.1,0.4,0.2,0.04,-3.2,0,-3.2,-0.1
TOR,Jared Sullinger,24,11,118,6,0.366,0.383,0.17,9.6,16.3,12.9,3.7,1.7,0.7,7.3,20.7,-0.2,0.1,-0.1,-0.031,-4.9,-2.5,-7.5,-0.2
TOR,Bruno Caboclo,21,9,40,14.6,0.438,0.375,0,14.2,14.1,14.1,15.1,2.5,2.2,11.1,20.1,0,0.1,0.1,0.083,0.1,0.7,0.8,0
UTA,Rudy Gobert,24,81,2744,23.3,0.681,0.002,0.762,13.6,29.5,21.8,5.7,0.9,6.4,15,16.7,8.3,6,14.3,0.25,1.4,4.5,5.8,5.4
UTA,Gordon Hayward,26,73,2516,22.2,0.595,0.324,0.371,2.3,15.4,9,18.2,1.5,0.6,9.4,27.6,7.1,3.3,10.4,0.199,4.2,0,4.2,4
UTA,Joe Ingles,29,82,1972,12.4,0.604,0.619,0.151,1.4,13.6,7.6,17.2,2.6,0.3,18.2,13.9,2,3,5,0.123,0.9,1.8,2.7,2.3
UTA,Joe Johnson,35,78,1843,12.8,0.542,0.412,0.123,2.1,12.8,7.6,12.6,1,0.8,9.5,18.5,1.7,2.1,3.8,0.099,-0.2,-0.1,-0.3,0.8
UTA,Rodney Hood,24,59,1593,12.4,0.522,0.461,0.173,1.2,13.1,7.3,10.1,1.3,0.6,8.3,22.9,0.7,1.9,2.6,0.078,-0.3,-0.9,-1.2,0.3
UTA,George Hill,30,49,1544,19.3,0.599,0.384,0.323,1.8,10.5,6.2,22.8,1.7,0.6,10.9,23.5,4,1.9,5.9,0.182,3.9,-0.2,3.6,2.2
UTA,Boris Diaw,34,73,1283,9,0.494,0.248,0.107,4.3,9.8,7.1,20.3,0.7,0.6,20.3,15.6,-0.1,1.2,1.1,0.041,-2.7,-0.2,-2.9,-0.3
UTA,Dante Exum,21,66,1228,8.5,0.521,0.41,0.201,2.9,9.3,6.2,14.1,0.9,0.8,16.8,18.1,-0.1,1.3,1.2,0.046,-2,-0.5,-2.5,-0.1
UTA,Shelvin Mack,26,55,1205,10.9,0.518,0.315,0.202,2,9.8,6,20.4,1.8,0.2,17.8,19.6,-0.1,1.5,1.4,0.054,-1.7,-0.1,-1.8,0.1
UTA,Derrick Favors,25,50,1186,15.8,0.512,0.024,0.261,9.2,20.2,14.9,7.9,2,2.7,11.4,20.7,0.5,2.2,2.7,0.109,-2.4,2.3,-0.1,0.6
UTA,Trey Lyles,21,71,1158,9.9,0.464,0.465,0.18,4.9,18.1,11.7,9.5,1.2,1.4,11.9,21.7,-0.9,1.6,0.8,0.031,-3,-0.1,-3,-0.3
UTA,Alec Burks,25,42,653,11.6,0.501,0.306,0.315,3.1,17.7,10.6,7.5,1.4,0.6,11,22.7,-0.1,0.9,0.8,0.056,-3.3,-0.9,-4.2,-0.4
UTA,Jeff Withey,26,51,432,18.8,0.588,0.01,0.466,14.3,17.9,16.2,2.5,1.9,6,10.1,14.9,1,0.9,1.8,0.205,-1.2,2.7,1.6,0.4
UTA,Raul Neto,24,40,346,10.7,0.527,0.341,0.099,1.4,8.4,5,15.1,3.2,1.2,13.6,14.8,0.2,0.6,0.7,0.1,-1.7,1.4,-0.3,0.1
UTA,Joel Bolomboy,23,12,53,19.7,0.59,0.25,0.375,9,27.6,18.5,6.3,1,3.1,9.7,18.2,0.1,0.1,0.2,0.171,-1.3,0.5,-0.8,0
WAS,John Wall,26,78,2836,23.2,0.541,0.19,0.367,2.4,10.6,6.5,46.9,2.7,1.4,16.2,30.6,5.8,3,8.8,0.149,3.8,0.2,4.1,4.3
WAS,Bradley Beal,23,77,2684,20.1,0.604,0.418,0.259,2.2,7.8,5,16.2,1.5,0.7,9.6,26.5,6.9,1.6,8.5,0.152,4.5,-2.3,2.2,2.8
WAS,Otto Porter,23,80,2605,17.3,0.628,0.425,0.148,5.1,17.1,11.1,6.7,2.2,1.3,4.9,15.1,6.4,3,9.4,0.173,3,0.9,3.9,3.9
WAS,Marcin Gortat,32,82,2556,15.4,0.593,0.003,0.236,10.6,26.8,18.7,6.8,0.8,2,13.8,14.7,3.9,2.9,6.8,0.127,-0.9,1.2,0.3,1.5
WAS,Markieff Morris,27,76,2374,13.7,0.54,0.22,0.242,5.1,18.2,11.7,7.8,1.7,1.5,11.6,20.5,1.6,2.5,4.1,0.083,-1.3,0.3,-1,0.6
WAS,Kelly Oubre,21,79,1605,9.1,0.516,0.425,0.224,4.3,14,9.2,4,1.8,0.9,9.3,14.6,0.6,1.5,2,0.061,-1.8,-0.5,-2.3,-0.1
WAS,Jason Smith,30,74,1068,13.6,0.598,0.237,0.155,6.8,20.4,13.6,5,1,4.2,14.2,16.7,1,1.3,2.3,0.103,-2,0.6,-1.4,0.2
WAS,Tomas Satoransky,25,57,719,8.5,0.477,0.252,0.224,3.9,9.1,6.5,16.7,1.8,0.7,19,12.1,0.1,0.5,0.6,0.04,-2.9,-0.2,-3.1,-0.2
WAS,Trey Burke,24,57,703,10.8,0.532,0.275,0.114,1.1,6.4,3.8,20.7,0.8,0.6,15.2,19.6,0.3,0.3,0.5,0.036,-2.3,-3.4,-5.7,-0.7
WAS,Bojan Bogdanovic,27,26,601,14.7,0.617,0.491,0.325,2.6,12.3,7.5,5.2,0.8,0.6,12.4,22.2,0.9,0.3,1.3,0.103,0.6,-3.1,-2.6,-0.1
WAS,Marcus Thornton,29,33,575,10.4,0.494,0.381,0.129,4.3,10.5,7.5,10.1,1.6,0.4,10.1,18.7,0.1,0.4,0.5,0.042,-1.6,-1.5,-3.2,-0.2
WAS,Ian Mahinmi,30,31,555,14.1,0.601,0,0.676,9.6,20.8,15.2,4.7,2.9,3.6,19.1,14,0.5,0.9,1.4,0.123,-2.1,2.9,0.8,0.4
WAS,Brandon Jennings,27,23,374,9.7,0.357,0.491,0.16,2.4,10.8,6.6,37.2,2,0,16.2,15.8,-0.1,0.3,0.2,0.025,-2.6,-2.1,-4.7,-0.3
WAS,Sheldon McClellan,24,30,287,10.1,0.518,0.4,0.36,1.6,11.7,6.7,7,1.4,0.6,5.4,14,0.3,0.2,0.5,0.076,-2.1,-1.4,-3.6,-0.1
WAS,Andrew Nicholson,27,28,231,6.3,0.425,0.208,0.156,5.4,11.2,8.3,4.2,2.3,2.2,11.8,17.6,-0.3,0.3,-0.1,-0.014,-5.5,-0.3,-5.7,-0.2
WAS,Daniel Ochefu,23,19,75,6.6,0.43,0,0.074,7.6,25.4,16.5,5.8,1.3,0,9.7,18,-0.1,0.1,0,0.005,-6.5,-1.9,-8.4,-0.1
WAS,Chris McCullough,21,2,8,1.1,0.266,1,2,0,28.1,14.1,0,6.2,0,34.7,15.7,0,0,0,-0.162,-11.8,0.3,-11.5,0
WAS,Danuel House,23,1,1,12.2,,,,0,100,56.4,0,0,0,,0,0,0,0,0.163,-16.4,-4.4,-20.8,0