draft_year,pick,team,player,college,years,gp,mp,pts,trb,ast,fg%,3p%,ft%,mpg,ppg,rpg,apg,ws,ws_58,bpm,vorp,all_stars,all_nba_1,all_nba_2,all_nba_3,mvp_candidacy
1990,1,NJN,Derrick Coleman,Syracuse University,15,781,25903,12884,7232,1985,0.447,0.295,0.769,33.2,16.5,9.3,2.5,64.3,0.119,1.3,21.7,1,0,0,2,0
1990,2,SEA,Gary Payton,Oregon State University,17,1335,47117,21813,5269,8966,0.466,0.317,0.729,35.3,16.3,3.9,6.7,145.5,0.148,3.3,63,9,2,5,2,1
1990,3,DEN,Mahmoud Abdul-Rauf,Louisiana State University,9,586,15628,8553,1087,2079,0.442,0.354,0.905,26.7,14.6,1.9,3.5,25.2,0.077,-2.2,-0.7,0,0,0,0,0
1990,4,ORL,Dennis Scott,Georgia Institute of Technology,10,629,17983,8094,1774,1296,0.417,0.397,0.793,28.6,12.9,2.8,2.1,33.4,0.089,-0.4,7.3,0,0,0,0,0
1990,5,CHH,Kendall Gill,University of Illinois at Urbana-Champaign,15,966,29481,12914,4002,2945,0.434,0.3,0.754,30.5,13.4,4.1,3,47.8,0.078,0.3,16.9,0,0,0,0,0
1990,6,MIN,Felton Spencer,University of Louisville,12,640,12298,3354,3436,213,0.484,0,0.658,19.2,5.2,5.4,0.3,20.9,0.081,-2.6,-1.9,0,0,0,0,0
1990,7,SAC,Lionel Simmons,La Salle University,7,454,13472,5833,2833,1498,0.433,0.305,0.771,29.7,12.8,6.2,3.3,16.9,0.06,0.1,7.2,0,0,0,0,0
1990,8,LAC,Bo Kimble,Loyola Marymount University,3,105,1336,574,162,98,0.386,0.291,0.728,12.7,5.5,1.5,0.9,0.1,0.004,-5.2,-1.1,0,0,0,0,0
1990,9,MIA,Willie Burton,University of Minnesota,8,316,6666,3243,932,393,0.424,0.345,0.786,21.1,10.3,2.9,1.2,9.1,0.065,-2.8,-1.4,0,0,0,0,0
1990,10,ATL,Rumeal Robinson,University of Michigan,6,336,6098,2546,606,1179,0.432,0.344,0.611,18.1,7.6,1.8,3.5,5.2,0.041,-2.2,-0.3,0,0,0,0,0
1990,11,GSW,Tyrone Hill,Xavier University,14,801,22388,7532,6854,647,0.502,0,0.643,28,9.4,8.6,0.8,56.2,0.12,-1,5.7,1,0,0,0,0
1990,12,HOU,Alec Kessler,University of Georgia,4,210,2937,1084,751,81,0.426,0.417,0.744,14,5.2,3.6,0.4,2,0.033,-6.3,-3.2,0,0,0,0,0
1990,13,LAC,Loy Vaught,University of Michigan,11,689,16993,6984,4881,652,0.504,0.244,0.718,24.7,10.1,7.1,0.9,35.8,0.101,-1.6,1.8,0,0,0,0,0
1990,14,SAC,Travis Mays,University of Texas at Austin,3,115,2964,1273,233,326,0.41,0.362,0.749,25.8,11.1,2,2.8,2.4,0.039,-2.6,-0.5,0,0,0,0,0
1991,1,CHH,Larry Johnson,"University of Nevada, Las Vegas",10,707,25685,11450,5300,2298,0.484,0.332,0.766,36.3,16.2,7.5,3.3,69.7,0.13,2.4,28.3,2,0,1,0,0
1991,2,NJN,Kenny Anderson,Georgia Institute of Technology,14,858,25868,10789,2641,5196,0.421,0.346,0.79,30.1,12.6,3.1,6.1,62.5,0.116,0.8,18,1,0,0,0,0
1991,3,SAC,Billy Owens,Syracuse University,10,600,17619,7026,4016,1704,0.481,0.291,0.629,29.4,11.7,6.7,2.8,28.6,0.078,0.5,11.2,0,0,0,0,0
1991,4,DEN,Dikembe Mutombo,Georgetown University,18,1196,36791,11729,12359,1240,0.518,0,0.684,30.8,9.8,10.3,1,117,0.153,2.1,38.2,8,0,1,2,0
1991,5,MIA,Steve Smith,Michigan State University,14,942,28855,13430,3060,2922,0.44,0.358,0.845,30.6,14.3,3.2,3.1,83.7,0.139,1.4,24.4,1,0,0,0,0
1991,6,DAL,Doug Smith,University of Missouri,5,296,5833,2356,1234,400,0.425,0.083,0.773,19.7,8,4.2,1.4,3,0.024,-3,-1.5,0,0,0,0,0
1991,7,MIN,Luc Longley,University of New Mexico,10,567,12006,4090,2794,836,0.462,0,0.76,21.2,7.2,4.9,1.5,17.5,0.07,-1.5,1.5,0,0,0,0,0
1991,8,DEN,Mark Macon,Temple University,6,251,5018,1685,467,428,0.384,0.27,0.735,20,6.7,1.9,1.7,0.1,0.001,-3.2,-1.5,0,0,0,0,0
1991,9,ATL,Stacey Augmon,"University of Nevada, Las Vegas",15,1001,21658,7990,3216,1561,0.469,0.152,0.728,21.6,8,3.2,1.6,43.8,0.097,-0.2,9.8,0,0,0,0,0
1991,10,ORL,Bison Dele,University of Arizona,8,413,10004,4536,2564,440,0.528,0.143,0.691,24.2,11,6.2,1.1,22.8,0.109,-0.3,4.4,0,0,0,0,0
1991,11,CLE,Terrell Brandon,University of Oregon,11,724,21545,9994,2174,4407,0.448,0.355,0.873,29.8,13.8,3,6.1,65.9,0.147,2.4,23.7,2,0,0,0,0
1991,12,NYK,Greg Anthony,"University of Nevada, Las Vegas",11,757,15850,5497,1417,2997,0.403,0.349,0.733,20.9,7.3,1.9,4,35.9,0.109,0,8.1,0,0,0,0,0
1991,13,IND,Dale Davis,Clemson University,16,1094,29606,8706,8605,978,0.53,0,0.562,27.1,8,7.9,0.9,86.9,0.141,1.8,28.6,1,0,0,0,0
1991,14,SEA,Rich King,University of Nebraska,4,72,309,135,74,21,0.393,0,0.662,4.3,1.9,1,0.3,0.2,0.036,-5.8,-0.3,0,0,0,0,0
1992,1,ORL,Shaquille O'Neal,Louisiana State University,19,1207,41918,28596,13099,3026,0.582,0.045,0.527,34.7,23.7,10.9,2.5,181.7,0.208,5,74,15,8,2,4,5
1992,2,CHH,Alonzo Mourning,Georgetown University,15,838,25975,14311,7137,946,0.527,0.247,0.692,31,17.1,8.5,1.1,89.7,0.166,1.7,24,7,1,1,0,2
1992,3,MIN,Christian Laettner,Duke University,13,868,25760,11121,5806,2224,0.48,0.261,0.82,29.7,12.8,6.7,2.6,64.9,0.121,1.6,23.2,1,0,0,0,0
1992,4,DAL,Jim Jackson,Ohio State University,14,885,29067,12690,4152,2851,0.428,0.365,0.825,32.8,14.3,4.7,3.2,35.8,0.059,-0.7,9.6,0,0,0,0,0
1992,5,DEN,LaPhonso Ellis,University of Notre Dame,11,624,17616,7410,4032,981,0.452,0.302,0.73,28.2,11.9,6.5,1.6,32.8,0.089,-0.4,7.1,0,0,0,0,0
1992,6,WSB,Tom Gugliotta,North Carolina State University,13,763,23556,9895,5589,2140,0.451,0.284,0.757,30.9,13,7.3,2.8,40.2,0.082,1.1,18.7,1,0,0,0,0
1992,7,SAC,Walt Williams,University of Maryland,11,708,18818,8385,2794,1637,0.425,0.379,0.743,26.6,11.8,3.9,2.3,33.9,0.087,0.6,12.4,0,0,0,0,0
1992,8,MIL,Todd Day,University of Arkansas,8,483,12214,5917,1649,713,0.406,0.345,0.739,25.3,12.3,3.4,1.5,17.5,0.069,-1.1,2.8,0,0,0,0,0
1992,9,PHI,Clarence Weatherspoon,University of Southern Mississippi,13,915,27736,10483,6846,1346,0.471,0.196,0.743,30.3,11.5,7.5,1.5,58.4,0.101,-0.1,13.4,0,0,0,0,0
1992,10,ATL,Adam Keefe,Stanford University,9,617,10334,3107,2556,427,0.502,0.071,0.714,16.7,5,4.1,0.7,24.9,0.116,-0.1,4.9,0,0,0,0,0
1992,11,HOU,Robert Horry,University of Alabama,16,1107,27069,7715,5269,2343,0.425,0.341,0.726,24.5,7,4.8,2.1,66.3,0.118,2.7,32,0,0,0,0,0
1992,12,MIA,Harold Miner,University of Southern California,4,200,3748,1801,432,245,0.46,0.311,0.785,18.7,9,2.2,1.2,4.2,0.053,-4.1,-2,0,0,0,0,0
1992,13,DEN,Bryant Stith,University of Virginia,10,586,16417,5946,1983,1178,0.424,0.329,0.841,28,10.1,3.4,2,29.5,0.086,-0.6,5.8,0,0,0,0,0
1992,14,IND,Malik Sealy,St. John's University,8,493,11720,4955,1585,816,0.426,0.292,0.809,23.8,10.1,3.2,1.7,17.1,0.07,-1.4,1.7,0,0,0,0,0
1993,1,ORL,Chris Webber,University of Michigan,15,831,30847,17182,8124,3526,0.479,0.299,0.649,37.1,20.7,9.8,4.2,84.7,0.132,3.9,45.9,5,1,3,1,0
1993,2,PHI,Shawn Bradley,Brigham Young University,12,832,19531,6752,5268,573,0.457,0.103,0.716,23.5,8.1,6.3,0.7,40.7,0.1,0.5,12.3,0,0,0,0,0
1993,3,GSW,Anfernee Hardaway,University of Memphis,14,704,23711,10684,3146,3525,0.458,0.316,0.774,33.7,15.2,4.5,5,61.9,0.125,2.6,27.2,4,2,0,1,1
1993,4,DAL,Jamal Mashburn,University of Kentucky,11,611,22762,11644,3271,2414,0.418,0.345,0.766,37.3,19.1,5.4,4,43.7,0.092,0.2,12.9,1,0,0,1,0
1993,5,MIN,Isaiah Rider,"University of Nevada, Las Vegas",9,563,17851,9405,2166,1535,0.443,0.352,0.812,31.7,16.7,3.8,2.7,22.8,0.061,-1.2,3.6,0,0,0,0,0
1993,6,WSB,Calbert Cheaney,Indiana University,13,825,22007,7826,2610,1398,0.466,0.298,0.691,26.7,9.5,3.2,1.7,23.1,0.05,-2.1,-0.7,0,0,0,0,0
1993,7,SAC,Bobby Hurley,Duke University,5,269,4170,1032,283,880,0.353,0.272,0.769,15.5,3.8,1.1,3.3,-1.2,-0.014,-7.5,-5.8,0,0,0,0,0
1993,8,MIL,Vin Baker,University of Hartford,13,791,25737,11839,5867,1509,0.485,0.215,0.638,32.5,15,7.4,1.9,47,0.088,-0.4,10.4,4,0,1,1,0
1993,9,DEN,Rodney Rogers,Wake Forest University,12,866,21873,9468,3881,1722,0.451,0.347,0.69,25.3,10.9,4.5,2,38.8,0.085,0.5,13.8,0,0,0,0,0
1993,10,DET,Lindsey Hunter,Jackson State University,17,937,23253,7956,2021,2506,0.388,0.36,0.746,24.8,8.5,2.2,2.7,32.9,0.068,-0.4,9.5,0,0,0,0,0
1993,11,DET,Allan Houston,University of Tennessee,12,839,28311,14551,2434,1990,0.444,0.402,0.863,33.7,17.3,2.9,2.4,55.3,0.094,-0.6,9.9,2,0,0,0,0
1993,12,LAL,George Lynch,University of North Carolina,12,774,17683,5109,3902,1121,0.446,0.306,0.652,22.8,6.6,5,1.4,32.3,0.088,0.6,11.5,0,0,0,0,0
1993,13,LAC,Terry Dehere,Seton Hall University,6,402,7305,3235,588,1034,0.411,0.378,0.779,18.2,8,1.5,2.6,7.3,0.048,-3.4,-2.6,0,0,0,0,0
1993,14,IND,Scott Haskin,Oregon State University,1,27,186,55,55,6,0.467,,0.684,6.9,2,2,0.2,0.3,0.087,-2.9,0,0,0,0,0,0
1994,1,MIL,Glenn Robinson,Purdue University,11,688,25346,14234,4189,1879,0.459,0.34,0.82,36.8,20.7,6.1,2.7,39.8,0.075,-0.4,10.3,2,0,0,0,0
1994,2,DAL,Jason Kidd,University of California,19,1391,50111,17529,8725,12091,0.4,0.349,0.785,36,12.6,6.3,8.7,138.6,0.133,4.2,78.2,10,5,1,0,1
1994,3,DET,Grant Hill,Duke University,18,1026,34776,17137,6169,4252,0.483,0.314,0.769,33.9,16.7,6,4.1,99.9,0.138,2.8,42.5,7,1,4,0,1
1994,4,MIN,Donyell Marshall,University of Connecticut,15,957,25027,10716,6376,1305,0.435,0.35,0.731,26.2,11.2,6.7,1.4,59,0.113,1,19.1,0,0,0,0,0
1994,5,WSB,Juwan Howard,University of Michigan,19,1208,36654,16159,7428,2663,0.469,0.12,0.764,30.3,13.4,6.1,2.2,59.4,0.078,-0.9,10.1,1,0,0,1,0
1994,6,PHI,Sharone Wright,Clemson University,4,203,4531,1974,1023,118,0.456,0.083,0.618,22.3,9.7,5,0.6,1.4,0.015,-5.6,-4.1,0,0,0,0,0
1994,7,LAC,Lamond Murray,University of California,11,736,18477,8286,3033,978,0.43,0.36,0.759,25.1,11.3,4.1,1.3,19.8,0.052,-1.7,1.4,0,0,0,0,0
1994,8,SAC,Brian Grant,Xavier University,12,756,21417,7933,5622,923,0.49,0.214,0.746,28.3,10.5,7.4,1.2,54.5,0.122,-0.1,10.4,0,0,0,0,0
1994,9,BOS,Eric Montross,University of North Carolina,8,465,8479,2071,2159,207,0.49,0,0.478,18.2,4.5,4.6,0.4,8.5,0.048,-3.4,-3,0,0,0,0,0
1994,10,LAL,Eddie Jones,Temple University,14,954,32778,14155,3857,2812,0.437,0.373,0.809,34.4,14.8,4,2.9,100.6,0.147,3.5,45.1,3,0,0,1,0
1994,11,SEA,Carlos Rogers,Tennessee State University,8,298,5654,2196,1272,182,0.536,0.258,0.562,19,7.4,4.3,0.6,11.1,0.095,-1.8,0.2,0,0,0,0,0
1994,12,MIA,Khalid Reeves,University of Arizona,6,277,5837,2167,580,886,0.416,0.363,0.744,21.1,7.8,2.1,3.2,8.4,0.069,-1.6,0.6,0,0,0,0,0
1994,13,DEN,Jalen Rose,University of Michigan,13,923,27925,13220,3193,3527,0.443,0.355,0.801,30.3,14.3,3.5,3.8,47.2,0.081,-0.3,11.9,0,0,0,0,0
1994,14,NJN,Yinka Dare,George Washington University,4,110,1002,233,281,4,0.396,,0.57,9.1,2.1,2.6,0,-0.7,-0.033,-9.8,-2,0,0,0,0,0
1995,1,GSW,Joe Smith,University of Maryland,16,1030,27022,11208,6575,1010,0.455,0.238,0.79,26.2,10.9,6.4,1,60.3,0.107,-1.1,5.9,0,0,0,0,0
1995,2,LAC,Antonio McDyess,University of Alabama,15,1015,28053,12227,7638,1300,0.497,0.117,0.67,27.6,12,7.5,1.3,69.8,0.119,0.3,16.4,1,0,0,1,0
1995,3,PHI,Jerry Stackhouse,University of North Carolina,18,970,30222,16409,3067,3240,0.409,0.309,0.822,31.2,16.9,3.2,3.3,52.4,0.083,-0.3,12.8,2,0,0,0,0
1995,4,WSB,Rasheed Wallace,University of North Carolina,16,1109,36243,16006,7404,1994,0.467,0.336,0.721,32.7,14.4,6.7,1.8,105.1,0.139,2.1,37.5,4,0,0,0,0
1995,5,MIN,Kevin Garnett,,21,1462,50418,26071,14662,5445,0.497,0.275,0.789,34.5,17.8,10,3.7,191.4,0.182,5.4,94,15,4,3,2,4
1995,6,VAN,Bryant Reeves,Oklahoma State University,6,395,12071,4945,2745,623,0.475,0.074,0.703,30.6,12.5,6.9,1.6,13,0.052,-2.6,-1.8,0,0,0,0,0
1995,7,TOR,Damon Stoudamire,University of Arizona,13,878,29106,11763,3039,5371,0.406,0.357,0.833,33.2,13.4,3.5,6.1,55.4,0.091,0.1,15.4,0,0,0,0,0
1995,8,POR,Shawn Respert,Michigan State University,4,172,2350,851,226,177,0.414,0.34,0.816,13.7,4.9,1.3,1,2.1,0.043,-3.6,-0.9,0,0,0,0,0
1995,9,NJN,Ed O'Bannon,"University of California, Los Angeles",2,128,2062,634,316,102,0.367,0.222,0.755,16.1,5,2.5,0.8,1.1,0.025,-3.8,-1,0,0,0,0,0
1995,10,MIA,Kurt Thomas,Texas Christian University,18,1110,27160,8973,7328,1204,0.486,0.281,0.76,24.5,8.1,6.6,1.1,64.2,0.114,-0.1,13.2,0,0,0,0,0
1995,11,MIL,Gary Trent,Ohio University,9,506,9866,4366,2276,504,0.501,0.08,0.643,19.5,8.6,4.5,1,23.2,0.113,-1.3,1.7,0,0,0,0,0
1995,12,DAL,Cherokee Parks,Duke University,9,472,7459,2056,1703,265,0.47,0.211,0.63,15.8,4.4,3.6,0.6,11.8,0.076,-2.1,-0.1,0,0,0,0,0
1995,13,SAC,Corliss Williamson,University of Arkansas,12,822,18749,9147,3183,972,0.49,0.136,0.714,22.8,11.1,3.9,1.2,34.7,0.089,-2.4,-1.9,0,0,0,0,0
1995,14,BOS,Eric Williams,Providence College,12,658,15731,5642,2139,936,0.415,0.318,0.736,23.9,8.6,3.3,1.4,23.2,0.071,-2.4,-1.8,0,0,0,0,0
1996,1,PHI,Allen Iverson,Georgetown University,14,914,37584,24368,3394,5624,0.425,0.313,0.78,41.1,26.7,3.7,6.2,99,0.126,2.7,44.1,11,3,3,1,1
1996,2,TOR,Marcus Camby,University of Massachusetts Amherst,17,973,28684,9262,9513,1837,0.466,0.205,0.67,29.5,9.5,9.8,1.9,81.6,0.137,2.9,35.6,0,0,0,0,0
1996,3,VAN,Shareef Abdur-Rahim,University of California,12,830,28882,15028,6239,2109,0.472,0.297,0.81,34.8,18.1,7.5,2.5,71.2,0.118,0.9,21.1,1,0,0,0,0
1996,4,MIL,Stephon Marbury,Georgia Institute of Technology,13,846,31891,16297,2516,6471,0.433,0.325,0.784,37.7,19.3,3,7.6,77.5,0.117,1.2,25.6,2,0,0,2,0
1996,5,MIN,Ray Allen,University of Connecticut,18,1300,46344,24505,5272,4361,0.452,0.4,0.894,35.6,18.9,4.1,3.4,145.1,0.15,3,58.1,10,0,1,1,0
1996,6,BOS,Antoine Walker,University of Kentucky,12,893,31531,15647,6891,3170,0.414,0.325,0.633,35.3,17.5,7.7,3.5,38.1,0.058,0.8,21.9,3,0,0,0,0
1996,7,LAC,Lorenzen Wright,University of Memphis,13,778,18535,6191,4943,622,0.459,0.069,0.645,23.8,8,6.4,0.8,30.5,0.079,-2,0,0,0,0,0,0
1996,8,NJN,Kerry Kittles,Villanova University,8,507,16929,7165,1983,1295,0.439,0.378,0.78,33.4,14.1,3.9,2.6,44.8,0.127,1.9,16.9,0,0,0,0,0
1996,9,DAL,Samaki Walker,University of Louisville,10,445,7612,2376,2089,252,0.462,0.111,0.63,17.1,5.3,4.7,0.6,14.2,0.089,-3,-1.8,0,0,0,0,0
1996,10,IND,Erick Dampier,Mississippi State University,16,987,24003,7309,7005,817,0.498,0.125,0.626,24.3,7.4,7.1,0.8,52.7,0.105,0.2,13.1,0,0,0,0,0
1996,11,GSW,Todd Fuller,North Carolina State University,5,225,2500,835,674,46,0.422,0,0.668,11.1,3.7,3,0.2,2.2,0.041,-7.1,-3.2,0,0,0,0,0
1996,12,CLE,Vitaly Potapenko,Wright State University,11,610,11608,3995,2725,418,0.479,0.167,0.694,19,6.5,4.5,0.7,15.5,0.064,-3.5,-4.4,0,0,0,0,0
1996,13,CHH,Kobe Bryant,,20,1346,48637,33643,7047,6306,0.447,0.329,0.837,36.1,25,5.2,4.7,172.7,0.17,3.9,72.1,18,11,2,2,5
1996,14,SAC,Peja Stojakovic,,13,804,26966,13647,3782,1408,0.45,0.401,0.895,33.5,17,4.7,1.8,82.6,0.147,1.5,23.9,3,0,1,0,0
1997,1,SAS,Tim Duncan,Wake Forest University,19,1392,47368,26496,15091,4225,0.506,0.179,0.696,34,19,10.8,3,206.4,0.209,5.5,89.3,15,10,3,2,5
1997,2,PHI,Keith Van Horn,University of Utah,9,575,18150,9206,3909,900,0.443,0.361,0.835,31.6,16,6.8,1.6,41.7,0.11,-0.2,8.4,0,0,0,0,0
1997,3,BOS,Chauncey Billups,University of Colorado,17,1043,33008,15802,2992,5636,0.415,0.387,0.894,31.6,15.2,2.9,5.4,120.8,0.176,2.5,37.6,5,0,1,2,0
1997,4,VAN,Antonio Daniels,Bowling Green State University,13,872,19671,6623,1613,2934,0.444,0.311,0.793,22.6,7.6,1.8,3.4,47,0.115,-1.2,4.1,0,0,0,0,0
1997,5,DEN,Tony Battie,Texas Tech University,14,837,17649,5082,4287,522,0.488,0.162,0.69,21.1,6.1,5.1,0.6,36.4,0.099,-1.6,1.9,0,0,0,0,0
1997,6,BOS,Ron Mercer,University of Kentucky,8,432,13418,5892,1342,921,0.429,0.25,0.808,31.1,13.6,3.1,2.1,9.4,0.034,-3.3,-4.3,0,0,0,0,0
1997,7,NJN,Tim Thomas,Villanova University,13,824,21336,9454,3379,1272,0.437,0.369,0.758,25.9,11.5,4.1,1.5,35.2,0.079,-1,5.4,0,0,0,0,0
1997,8,GSW,Adonal Foyle,Colgate University,12,733,13060,2989,3461,344,0.477,0,0.499,17.8,4.1,4.7,0.5,18.7,0.069,-0.8,3.9,0,0,0,0,0
1997,9,TOR,Tracy McGrady,,15,938,30658,18381,5276,4161,0.435,0.338,0.746,32.7,19.6,5.6,4.4,97.3,0.152,4.6,50.6,7,2,3,2,0
1997,10,MIL,Danny Fortson,University of Cincinnati,10,440,8832,3615,3184,301,0.472,0.167,0.785,20.1,8.2,7.2,0.7,22.3,0.121,-3,-2.1,0,0,0,0,0
1997,11,SAC,Tariq Abdul-Wahad,San Jose State University,6,236,4807,1830,776,266,0.417,0.237,0.703,20.4,7.8,3.3,1.1,3.5,0.035,-3.2,-1.5,0,0,0,0,0
1997,12,IND,Austin Croshere,Providence College,12,659,11480,4475,2649,627,0.407,0.34,0.861,17.4,6.8,4,1,27.6,0.115,-0.5,4.3,0,0,0,0,0
1997,13,CLE,Derek Anderson,University of Kentucky,11,615,17975,7357,1988,2083,0.408,0.341,0.853,29.2,12,3.2,3.4,43.9,0.117,0.9,13.3,0,0,0,0,0
1997,14,LAC,Maurice Taylor,University of Michigan,9,534,13324,5889,2452,623,0.466,0.152,0.711,25,11,4.6,1.2,9.9,0.036,-3.8,-5.9,0,0,0,0,0
1998,1,LAC,Michael Olowokandi,University of the Pacific,9,500,13129,4135,3414,327,0.435,,0.597,26.3,8.3,6.8,0.7,2.5,0.009,-4.5,-8.3,0,0,0,0,0
1998,2,VAN,Mike Bibby,University of Arizona,14,1001,33962,14698,3103,5517,0.436,0.379,0.802,33.9,14.7,3.1,5.5,73.2,0.104,0.5,21.2,0,0,0,0,0
1998,3,DEN,Raef LaFrentz,University of Kansas,10,563,14545,5690,3423,606,0.466,0.363,0.711,25.8,10.1,6.1,1.1,39.4,0.13,1.5,12.8,0,0,0,0,0
1998,4,TOR,Antawn Jamison,University of North Carolina,16,1083,37638,20042,8157,1761,0.451,0.346,0.724,34.8,18.5,7.5,1.6,87.8,0.112,-0.2,17.4,2,0,0,0,0
1998,5,GSW,Vince Carter,University of North Carolina,19,1347,43135,24555,6140,4510,0.438,0.374,0.799,32,18.2,4.6,3.3,122.3,0.136,3,54.6,8,0,1,1,0
1998,6,DAL,Robert Traylor,University of Michigan,7,438,6243,2085,1640,312,0.474,0.167,0.577,14.3,4.8,3.7,0.7,13.3,0.102,0.3,3.6,0,0,0,0,0
1998,7,SAC,Jason Williams,University of Florida,12,788,23188,8266,1810,4611,0.398,0.327,0.813,29.4,10.5,2.3,5.9,38.5,0.08,-0.7,7.8,0,0,0,0,0
1998,8,PHI,Larry Hughes,Saint Louis University,13,727,22368,10242,3039,2290,0.406,0.309,0.757,30.8,14.1,4.2,3.1,32.3,0.069,-0.3,9.7,0,0,0,0,0
1998,9,MIL,Dirk Nowitzki,,19,1394,48673,30260,10893,3496,0.473,0.381,0.879,34.9,21.7,7.8,2.5,201.3,0.198,3.4,66,13,4,5,3,3
1998,10,BOS,Paul Pierce,University of Kansas,19,1343,45880,26397,7527,4708,0.445,0.368,0.806,34.2,19.7,5.6,3.5,150,0.157,3.3,61.5,10,0,1,3,0
1998,11,DET,Bonzi Wells,Ball State University,10,591,15133,7147,2737,1249,0.46,0.327,0.697,25.6,12.1,4.6,2.1,29.4,0.093,0.4,9.3,0,0,0,0,0
1998,12,ORL,Michael Doleac,University of Utah,10,587,8789,2882,1955,343,0.439,0.125,0.791,15,4.9,3.3,0.6,12.7,0.07,-3.7,-3.8,0,0,0,0,0
1998,13,ORL,Keon Clark,"University of Nevada, Las Vegas",6,353,7971,2882,2096,322,0.5,0.053,0.645,22.6,8.2,5.9,0.9,18.2,0.11,-0.1,3.8,0,0,0,0,0
1998,14,HOU,Michael Dickerson,University of Arizona,5,212,7490,3257,609,553,0.432,0.402,0.784,35.3,15.4,2.9,2.6,9.6,0.061,-1.2,1.6,0,0,0,0,0
1999,1,CHI,Elton Brand,Duke University,17,1058,34910,16827,9040,2184,0.5,0.095,0.736,33,15.9,8.5,2.1,109.6,0.151,3.1,45.2,2,0,1,0,0
1999,2,VAN,Steve Francis,University of Maryland,9,576,21632,10446,3215,3473,0.429,0.341,0.797,37.6,18.1,5.6,6,54.1,0.12,3.2,28.2,3,0,0,0,0
1999,3,CHH,Baron Davis,"University of California, Los Angeles",13,835,28592,13447,3183,6025,0.409,0.32,0.711,34.2,16.1,3.8,7.2,63.1,0.106,2.7,34.1,2,0,0,1,0
1999,4,LAC,Lamar Odom,University of Rhode Island,14,961,32131,12781,8059,3554,0.463,0.312,0.693,33.4,13.3,8.4,3.7,77,0.115,2.5,36.3,0,0,0,0,0
1999,5,TOR,Jonathan Bender,,8,262,3847,1453,582,170,0.417,0.34,0.763,14.7,5.5,2.2,0.6,3.8,0.047,-3.5,-1.5,0,0,0,0,0
1999,6,MIN,Wally Szczerbiak,Miami University,10,651,20052,9195,2602,1532,0.485,0.406,0.86,30.8,14.1,4,2.4,53.3,0.127,0.5,12.8,1,0,0,0,0
1999,7,WAS,Richard Hamilton,University of Connecticut,14,921,29559,15708,2852,3125,0.449,0.346,0.852,32.1,17.1,3.1,3.4,62.8,0.102,-0.6,10.5,3,0,0,0,0
1999,8,CLE,Andre Miller,University of Utah,17,1304,40268,16278,4795,8524,0.461,0.217,0.807,30.9,12.5,3.7,6.5,100.8,0.12,1.1,31.7,0,0,0,0,0
1999,9,PHO,Shawn Marion,"University of Nevada, Las Vegas",16,1163,40097,17700,10101,2198,0.484,0.331,0.81,34.5,15.2,8.7,1.9,124.9,0.15,3.2,52.1,4,0,0,2,0
1999,10,ATL,Jason Terry,University of Arizona,18,1359,41220,18715,3226,5356,0.444,0.38,0.845,30.3,13.8,2.4,3.9,101.3,0.118,1.3,34.1,0,0,0,0,0
1999,11,CLE,Trajan Langdon,Duke University,3,119,1738,647,159,152,0.416,0.396,0.91,14.6,5.4,1.3,1.3,2.9,0.079,-1.9,0.1,0,0,0,0,0
1999,12,TOR,Aleksandar Radojevic,Barton County Community College,2,15,152,26,36,7,0.308,,0.625,10.1,1.7,2.4,0.5,-0.4,-0.13,-9.4,-0.3,0,0,0,0,0
1999,13,SEA,Corey Maggette,Duke University,14,827,23358,13198,4022,1696,0.453,0.324,0.822,28.2,16,4.9,2.1,62.2,0.128,-0.4,9.5,0,0,0,0,0
1999,14,MIN,William Avery,Duke University,3,142,1205,379,93,199,0.33,0.255,0.714,8.5,2.7,0.7,1.4,-0.9,-0.034,-7.2,-1.6,0,0,0,0,0
2000,1,NJN,Kenyon Martin,University of Cincinnati,15,757,23134,9325,5159,1439,0.483,0.234,0.629,30.6,12.3,6.8,1.9,48,0.1,0.7,15.5,1,0,0,0,0
2000,2,VAN,Stromile Swift,Louisiana State University,9,547,10804,4582,2535,275,0.473,0.074,0.699,19.8,8.4,4.6,0.5,21.3,0.095,-1.9,0.2,0,0,0,0,0
2000,3,LAC,Darius Miles,,7,446,11730,4507,2190,840,0.472,0.168,0.59,26.3,10.1,4.9,1.9,9.5,0.039,-1.2,2.3,0,0,0,0,0
2000,4,CHI,Marcus Fizer,Iowa State University,6,289,6032,2782,1340,352,0.435,0.191,0.691,20.9,9.6,4.6,1.2,2.7,0.022,-4.7,-4.1,0,0,0,0,0
2000,5,ORL,Mike Miller,University of Florida,17,1032,27812,10973,4376,2666,0.459,0.407,0.769,26.9,10.6,4.2,2.6,60.7,0.105,0.9,20.3,0,0,0,0,0
2000,6,ATL,DerMarr Johnson,University of Cincinnati,7,344,5930,2121,769,304,0.411,0.336,0.789,17.2,6.2,2.2,0.9,6.4,0.052,-1.6,0.6,0,0,0,0,0
2000,7,CHI,Chris Mihm,University of Texas at Austin,8,436,8758,3262,2302,223,0.459,0.231,0.704,20.1,7.5,5.3,0.5,13.3,0.073,-3.8,-4.1,0,0,0,0,0
2000,8,CLE,Jamal Crawford,University of Michigan,17,1182,36124,18084,2764,4124,0.41,0.35,0.861,30.6,15.3,2.3,3.5,59.2,0.079,-0.8,10.9,0,0,0,0,0
2000,9,HOU,Joel Przybilla,University of Minnesota,13,592,11733,2293,3665,256,0.552,0,0.557,19.8,3.9,6.2,0.4,23,0.094,-0.9,3.3,0,0,0,0,0
2000,10,ORL,Keyon Dooling,University of Missouri,13,728,14134,5067,964,1601,0.416,0.349,0.799,19.4,7,1.3,2.2,18.5,0.063,-3,-3.6,0,0,0,0,0
2000,11,BOS,Jerome Moiso,"University of California, Los Angeles",5,145,1392,386,395,38,0.489,0,0.593,9.6,2.7,2.7,0.3,2.1,0.074,-3.8,-0.6,0,0,0,0,0
2000,12,DAL,Etan Thomas,Syracuse University,9,409,7084,2341,1927,149,0.513,,0.603,17.3,5.7,4.7,0.4,14.9,0.101,-2.6,-1,0,0,0,0,0
2000,13,ORL,Courtney Alexander,"California State University, Fresno",3,187,4067,1690,409,227,0.422,0.339,0.813,21.7,9,2.2,1.2,4.1,0.048,-4,-2.1,0,0,0,0,0
2000,14,DET,Mateen Cleaves,Michigan State University,6,167,1863,609,175,310,0.389,0.267,0.728,11.2,3.6,1,1.9,-0.8,-0.021,-6.3,-2,0,0,0,0,0
2001,1,WAS,Kwame Brown,,12,607,13389,4035,3333,554,0.492,0.111,0.57,22.1,6.6,5.5,0.9,20.8,0.074,-2.1,-0.4,0,0,0,0,0
2001,2,LAC,Tyson Chandler,,16,1033,29372,9002,9676,871,0.594,0,0.647,28.4,8.7,9.4,0.8,96.7,0.158,1.6,26.7,1,0,0,1,0
2001,3,ATL,Pau Gasol,,16,1119,38829,20001,10549,3635,0.51,0.368,0.754,34.7,17.9,9.4,3.2,137,0.169,3.5,54.2,6,0,2,2,0
2001,4,CHI,Eddy Curry,,11,527,13109,6820,2725,287,0.545,1,0.642,24.9,12.9,5.2,0.5,21.7,0.08,-3.5,-5,0,0,0,0,0
2001,5,GSW,Jason Richardson,Michigan State University,13,857,29241,14644,4245,2284,0.438,0.37,0.707,34.1,17.1,5,2.7,59.1,0.097,1.3,24.4,0,0,0,0,0
2001,6,MEM,Shane Battier,Duke University,13,977,30004,8408,4082,1717,0.437,0.384,0.743,30.7,8.6,4.2,1.8,75.7,0.121,2.9,37,0,0,0,0,0
2001,7,NJN,Eddie Griffin,Seton Hall University,5,303,6729,2171,1744,236,0.377,0.315,0.671,22.2,7.2,5.8,0.8,10.9,0.078,-1,1.7,0,0,0,0,0
2001,8,CLE,DeSagana Diop,,12,601,8403,1185,2219,270,0.427,0.167,0.467,14,2,3.7,0.4,12.8,0.073,0,4.3,0,0,0,0,0
2001,9,DET,Rodney White,University of North Carolina at Charlotte,4,218,3354,1540,485,237,0.424,0.314,0.749,15.4,7.1,2.2,1.1,1.8,0.026,-3.8,-1.5,0,0,0,0,0
2001,10,BOS,Joe Johnson,University of Arkansas,16,1221,43029,20033,4887,4918,0.442,0.374,0.801,35.2,16.4,4,4,81.8,0.091,0.5,27,7,0,0,1,0
2001,11,BOS,Kedrick Brown,Okaloosa-Walton Community College,4,143,1935,509,347,103,0.405,0.274,0.64,13.5,3.6,2.4,0.7,3,0.074,-2.2,-0.1,0,0,0,0,0
2001,12,SEA,Vladimir Radmanovic,,12,737,16164,5879,2784,998,0.415,0.378,0.758,21.9,8,3.8,1.4,26.5,0.079,-0.1,7.7,0,0,0,0,0
2001,13,HOU,Richard Jefferson,University of Arizona,16,1161,34130,14874,4703,2397,0.464,0.377,0.768,29.4,12.8,4.1,2.1,82.9,0.117,0.3,20,0,0,0,0,0
2001,14,GSW,Troy Murphy,University of Notre Dame,12,729,19921,7860,5708,1088,0.445,0.388,0.785,27.3,10.8,7.8,1.5,50.3,0.121,-0.1,9,0,0,0,0,0
2002,1,HOU,Yao Ming,,8,486,15818,9247,4494,769,0.524,0.2,0.833,32.5,19,9.2,1.6,65.9,0.2,2.3,17,8,0,2,3,0
2002,2,CHI,Jay Williams,Duke University,1,75,1961,714,195,350,0.399,0.322,0.64,26.1,9.5,2.6,4.7,0.8,0.02,-2.2,-0.1,0,0,0,0,0
2002,3,GSW,Mike Dunleavy,Duke University,15,986,27340,11048,4211,2185,0.441,0.377,0.803,27.7,11.2,4.3,2.2,58.5,0.103,0.3,15.9,0,0,0,0,0
2002,4,MEM,Drew Gooden,University of Kansas,14,790,20127,8653,5618,896,0.462,0.257,0.76,25.5,11,7.1,1.1,43.9,0.105,-1.5,2.3,0,0,0,0,0
2002,5,DEN,Nikoloz Tskitishvili,,4,172,1946,507,307,114,0.304,0.235,0.73,11.3,2.9,1.8,0.7,-1.6,-0.039,-6.3,-2.1,0,0,0,0,0
2002,6,CLE,Dajuan Wagner,University of Memphis,4,103,2202,964,142,195,0.366,0.321,0.77,21.4,9.4,1.4,1.9,0,0,-5.6,-2,0,0,0,0,0
2002,7,NYK,Nene Hilario,,15,871,23933,10418,5529,1648,0.548,0.146,0.661,27.5,12,6.3,1.9,69.3,0.139,2,24.1,0,0,0,0,0
2002,8,LAC,Chris Wilcox,University of Maryland,11,628,12474,5150,3076,455,0.541,0,0.643,19.9,8.2,4.9,0.7,26.9,0.103,-1.6,1.2,0,0,0,0,0
2002,9,PHO,Amar'e Stoudemire,,14,846,26254,15994,6632,1050,0.537,0.236,0.761,31,18.9,7.8,1.2,92.5,0.169,0.5,16.8,6,1,4,0,0
2002,10,MIA,Caron Butler,University of Connecticut,14,881,28333,12430,4387,2007,0.434,0.348,0.847,32.2,14.1,5,2.3,50.9,0.086,0.2,15.9,2,0,0,0,0
2002,11,WAS,Jared Jeffries,Indiana University,11,629,13579,3003,2563,798,0.426,0.25,0.583,21.6,4.8,4.1,1.3,13.1,0.046,-0.9,3.8,0,0,0,0,0
2002,12,LAC,Melvin Ely,"California State University, Fresno",9,375,6005,1992,1215,261,0.46,0,0.625,16,5.3,3.2,0.7,4,0.032,-3.6,-2.4,0,0,0,0,0
2002,13,MIL,Marcus Haislip,University of Tennessee,4,89,854,311,131,16,0.437,0.35,0.659,9.6,3.5,1.5,0.2,0.5,0.026,-6.2,-0.9,0,0,0,0,0
2002,14,IND,Fred Jones,University of Oregon,7,430,10299,3206,958,990,0.411,0.353,0.809,24,7.5,2.2,2.3,16.5,0.077,-0.9,,0,0,0,0,0
2003,1,CLE,LeBron James,,14,1061,41272,28787,7706,7461,0.501,0.342,0.74,38.9,27.1,7.3,7,205.4,0.239,9.1,115.9,13,11,2,0,9
2003,2,DET,Darko Milicic,,10,468,8638,2813,1971,405,0.46,0,0.574,18.5,6,4.2,0.9,7.1,0.04,-1.6,0.8,0,0,0,0,0
2003,3,DEN,Carmelo Anthony,Syracuse University,14,976,35334,24156,6431,3057,0.452,0.346,0.813,36.2,24.8,6.6,3.1,97,0.132,1.3,29.4,10,0,2,4,1
2003,4,TOR,Chris Bosh,Georgia Institute of Technology,13,893,31936,17189,7592,1795,0.494,0.335,0.799,35.8,19.2,8.5,2,106,0.159,1.4,27.5,11,0,1,0,0
2003,5,MIA,Dwyane Wade,Marquette University,14,915,32352,21317,4396,5172,0.484,0.287,0.768,35.4,23.3,4.8,5.7,117.2,0.174,5.1,57.7,12,2,3,3,1
2003,6,LAC,Chris Kaman,Central Michigan University,13,735,19642,8208,5582,921,0.489,0.042,0.743,26.7,11.2,7.6,1.3,24.6,0.06,-2,0,1,0,0,0,0
2003,7,CHI,Kirk Hinrich,University of Kansas,13,879,27015,9594,2576,4245,0.411,0.375,0.8,30.7,10.9,2.9,4.8,52.5,0.093,0.2,14.7,0,0,0,0,0
2003,8,MIL,T.J. Ford,University of Texas at Austin,8,429,11882,4797,1331,2495,0.433,0.289,0.815,27.7,11.2,3.1,5.8,16.9,0.068,-0.8,3.6,0,0,0,0,0
2003,9,NYK,Mike Sweetney,Georgetown University,4,233,3610,1516,1045,145,0.485,0,0.689,15.5,6.5,4.5,0.6,7.8,0.103,-2.1,-0.1,0,0,0,0,0
2003,10,WAS,Jarvis Hayes,University of Georgia,7,427,9898,3553,1330,459,0.415,0.356,0.798,23.2,8.3,3.1,1.1,10.2,0.049,-2.9,-2.2,0,0,0,0,0
2003,11,GSW,Mickael Pietrus,,10,557,11950,4629,1723,445,0.425,0.355,0.665,21.5,8.3,3.1,0.8,19.7,0.079,-0.9,3.4,0,0,0,0,0
2003,12,SEA,Nick Collison,University of Kansas,13,895,18528,5328,4681,935,0.533,0.208,0.726,20.7,6,5.2,1,44.4,0.115,0.4,11.4,0,0,0,0,0
2003,13,MEM,Marcus Banks,"University of Nevada, Las Vegas",8,348,5571,2061,519,728,0.432,0.327,0.768,16,5.9,1.5,2.1,6.6,0.057,-2.4,-0.6,0,0,0,0,0
2003,14,SEA,Luke Ridnour,University of Oregon,12,830,21623,7740,1877,3713,0.431,0.349,0.862,26.1,9.3,2.3,4.5,36,0.08,-0.9,5,0,0,0,0,0
2004,1,ORL,Dwight Howard,,13,954,33291,16652,12089,1426,0.585,0.089,0.566,34.9,17.5,12.7,1.5,121.5,0.175,2.6,38.9,8,5,1,2,1
2004,2,CHA,Emeka Okafor,University of Connecticut,9,590,18702,7256,5847,512,0.512,0,0.584,31.7,12.3,9.9,0.9,44.3,0.114,-0.4,7.5,0,0,0,0,0
2004,3,CHI,Ben Gordon,University of Connecticut,11,744,20366,11084,1851,1868,0.432,0.401,0.857,27.4,14.9,2.5,2.5,33.3,0.078,-1.1,4.7,0,0,0,0,0
2004,4,LAC,Shaun Livingston,,12,698,15092,4579,1741,2229,0.483,0.197,0.793,21.6,6.6,2.5,3.2,26.1,0.083,-1.5,1.9,0,0,0,0,0
2004,5,WAS,Devin Harris,University of Wisconsin,13,846,21552,9574,1912,3595,0.436,0.324,0.796,25.5,11.3,2.3,4.2,50.9,0.113,0.5,13.7,1,0,0,0,0
2004,6,ATL,Josh Childress,Stanford University,8,391,10432,3548,1850,609,0.522,0.329,0.779,26.7,9.1,4.7,1.6,25.7,0.118,1.3,8.6,0,0,0,0,0
2004,7,PHO,Luol Deng,Duke University,13,879,30536,13202,5395,2023,0.455,0.332,0.77,34.7,15,6.1,2.3,73.2,0.115,0.9,22.5,2,0,0,0,0
2004,8,TOR,Rafael Araujo,Brigham Young University,3,139,1585,389,395,41,0.405,0.25,0.679,11.4,2.8,2.8,0.3,-0.4,-0.013,-6.4,-1.8,0,0,0,0,0
2004,9,PHI,Andre Iguodala,University of Arizona,13,976,33834,12683,5133,4395,0.465,0.336,0.714,34.7,13,5.3,4.5,89,0.126,3,43,1,0,0,0,0
2004,10,CLE,Luke Jackson,University of Oregon,4,73,724,252,89,58,0.357,0.36,0.732,9.9,3.5,1.2,0.8,0.2,0.01,-4.4,-0.4,1,0,0,0,0
2004,11,GSW,Andris Biedrins,,10,516,11146,3247,3631,467,0.594,0,0.5,21.6,6.3,7,0.9,30.7,0.132,1.1,8.6,0,0,0,0,0
2004,12,SEA,Robert Swift,,4,97,1500,416,376,20,0.506,,0.61,15.5,4.3,3.9,0.2,1.7,0.054,-4.1,-0.8,0,0,0,0,0
2004,13,POR,Sebastian Telfair,,10,564,12149,4183,898,1960,0.39,0.319,0.777,21.5,7.4,1.6,3.5,5,0.02,-3.9,-5.8,0,0,0,0,0
2004,14,UTA,Kris Humphries,University of Minnesota,13,800,14232,5350,4314,556,0.463,0.293,0.7,17.8,6.7,5.4,0.7,30.3,0.102,-2,0.1,0,0,0,0,0
2005,1,MIL,Andrew Bogut,University of Utah,12,671,19512,6733,5979,1520,0.534,0.12,0.556,29.1,10,8.9,2.3,49.9,0.123,2.4,21.4,0,0,0,1,0
2005,2,ATL,Marvin Williams,University of North Carolina,12,861,24891,9122,4586,1125,0.443,0.353,0.807,28.9,10.6,5.3,1.3,53.9,0.104,-0.4,9.9,0,0,0,0,0
2005,3,UTA,Deron Williams,University of Illinois at Urbana-Champaign,12,845,28865,13804,2619,6819,0.445,0.357,0.822,34.2,16.3,3.1,8.1,77.3,0.129,1.3,23.8,3,0,2,0,0
2005,4,NOH,Chris Paul,Wake Forest University,12,834,29646,15610,3684,8251,0.473,0.37,0.866,35.5,18.7,4.4,9.9,154.6,0.25,7.6,71.7,9,4,3,1,2
2005,5,CHA,Raymond Felton,University of North Carolina,12,856,27085,10146,2677,4841,0.413,0.327,0.788,31.6,11.9,3.1,5.7,37.3,0.066,-0.5,10.4,0,0,0,0,0
2005,6,POR,Martell Webster,,10,580,13914,5056,1811,588,0.418,0.382,0.791,24,8.7,3.1,1,24.7,0.085,-0.7,4.6,0,0,0,0,0
2005,7,TOR,Charlie Villanueva,University of Connecticut,11,656,13578,6808,3019,549,0.435,0.341,0.772,20.7,10.4,4.6,0.8,22.6,0.08,-1.8,0.6,0,0,0,0,0
2005,8,NYK,Channing Frye,University of Arizona,11,801,18736,7393,3815,806,0.44,0.389,0.822,23.4,9.2,4.8,1,37.3,0.096,-0.1,9.1,0,0,0,0,0
2005,9,GSW,Ike Diogu,Arizona State University,6,225,2795,1348,689,69,0.509,0.5,0.786,12.4,6,3.1,0.3,6.5,0.112,-4.8,-2,0,0,0,0,0
2005,10,LAL,Andrew Bynum,,8,418,10690,4822,3221,490,0.556,0.111,0.69,25.6,11.5,7.7,1.2,37.4,0.168,1.3,9,1,0,1,0,0
2005,11,ORL,Fran Vazquez,,,,,,,,,,,,,,,,,,,0,0,0,0,0
2005,12,LAC,Yaroslav Korolev,,2,34,168,39,16,13,0.283,0.25,0.625,4.9,1.1,0.5,0.4,-0.1,-0.024,-6.4,-0.2,0,0,0,0,0
2005,13,CHA,Sean May,University of North Carolina,4,119,1868,821,481,115,0.458,0.231,0.746,15.7,6.9,4,1,2.6,0.068,-2.4,-0.2,0,0,0,0,0
2005,14,MIN,Rashad McCants,University of North Carolina,4,249,5037,2479,506,331,0.431,0.368,0.741,20.2,10,2,1.3,3.6,0.035,-2.5,-0.6,0,0,0,0,0
2006,1,TOR,Andrea Bargnani,,10,550,15806,7873,2541,653,0.439,0.354,0.824,28.7,14.3,4.6,1.2,18.9,0.057,-2.2,-0.9,0,0,0,0,0
2006,2,CHI,LaMarcus Aldridge,University of Texas at Austin,11,794,27568,15136,6589,1510,0.486,0.287,0.802,34.7,19.1,8.3,1.9,86.7,0.151,1.2,22.4,5,0,1,3,0
2006,3,CHA,Adam Morrison,Gonzaga University,3,161,3278,1200,342,222,0.373,0.331,0.71,20.4,7.5,2.1,1.4,-1.4,-0.021,-5.5,-2.9,0,0,0,0,0
2006,4,POR,Tyrus Thomas,Louisiana State University,8,402,7932,3093,1938,347,0.438,0.235,0.732,19.7,7.7,4.8,0.9,13,0.078,-1.1,1.7,0,0,0,0,0
2006,5,ATL,Shelden Williams,Duke University,6,361,5586,1618,1562,163,0.462,0.222,0.74,15.5,4.5,4.3,0.5,9.9,0.085,-2.8,-1.2,0,0,0,0,0
2006,6,MIN,Brandon Roy,University of Washington,6,326,11561,6136,1388,1517,0.459,0.348,0.8,35.5,18.8,4.3,4.7,37.4,0.155,3.2,15.2,3,0,1,1,0
2006,7,BOS,Randy Foye,Villanova University,11,752,19279,7729,1686,2112,0.401,0.366,0.852,25.6,10.3,2.2,2.8,23.5,0.058,-1.3,3.4,0,0,0,0,0
2006,8,HOU,Rudy Gay,University of Connecticut,11,753,26815,13860,4452,1710,0.452,0.345,0.796,35.6,18.4,5.9,2.3,47.4,0.085,0.5,16.8,0,0,0,0,0
2006,9,GSW,Patrick O'Bryant,Bradley University,4,90,524,186,127,25,0.494,0,0.583,5.8,2.1,1.4,0.3,0.5,0.046,-3.1,-0.2,0,0,0,0,0
2006,10,SEA,Mouhamed Sene,,3,47,260,103,75,1,0.427,,0.589,5.5,2.2,1.6,0,0.3,0.052,-9.3,-0.5,0,0,0,0,0
2006,11,ORL,J.J. Redick,Duke University,11,690,17165,8214,1324,1276,0.447,0.415,0.888,24.9,11.9,1.9,1.8,46.5,0.13,0.1,9.2,0,0,0,0,0
2006,12,NOK,Hilton Armstrong,University of Connecticut,6,292,3378,880,766,102,0.501,0.286,0.582,11.6,3,2.6,0.3,3.9,0.055,-2.8,-0.7,0,0,0,0,0
2006,13,PHI,Thabo Sefolosha,,11,740,17211,4400,2875,1111,0.446,0.345,0.732,23.3,5.9,3.9,1.5,34.6,0.096,1.1,13.3,0,0,0,0,0
2006,14,UTA,Ronnie Brewer,University of Arkansas,8,502,11539,3940,1427,828,0.49,0.254,0.675,23,7.8,2.8,1.6,30.4,0.127,1.7,10.7,0,0,0,0,0
2007,1,POR,Greg Oden,Ohio State University,3,105,2028,840,656,51,0.574,,0.658,19.3,8,6.2,0.5,7.3,0.174,1.1,1.6,0,0,0,0,0
2007,2,SEA,Kevin Durant,University of Texas at Austin,10,703,26278,19121,5031,2663,0.488,0.379,0.882,37.4,27.2,7.2,3.8,119.8,0.219,5.1,47,8,5,2,0,4
2007,3,ATL,Al Horford,University of Florida,10,646,21535,9240,5609,1926,0.528,0.346,0.748,33.3,14.3,8.7,3,70.5,0.157,3,27.2,4,0,0,1,0
2007,4,MEM,Mike Conley,Ohio State University,10,706,22985,10050,2061,4011,0.443,0.379,0.815,32.6,14.2,2.9,5.7,62.8,0.131,1.9,22.5,0,0,0,0,0
2007,5,BOS,Jeff Green,Georgetown University,9,705,21894,9528,3320,1135,0.435,0.333,0.792,31.1,13.5,4.7,1.6,32.7,0.072,-1.3,3.9,0,0,0,0,0
2007,6,MIL,Yi Jianlian,,5,272,6038,2148,1339,192,0.404,0.333,0.78,22.2,7.9,4.9,0.7,3.1,0.025,-4.7,-4.1,0,0,0,0,0
2007,7,MIN,Corey Brewer,University of Florida,10,711,17038,6561,2049,1144,0.424,0.283,0.713,24,9.2,2.9,1.6,19.2,0.054,-1,4.2,0,0,0,0,0
2007,8,CHA,Brandan Wright,University of North Carolina,9,400,6568,2837,1465,186,0.608,0,0.676,16.4,7.1,3.7,0.5,24.9,0.182,1.7,6.1,0,0,0,0,0
2007,9,CHI,Joakim Noah,University of Florida,10,618,17863,5557,5790,1807,0.49,0,0.699,28.9,9,9.4,2.9,59.6,0.16,4.2,27.8,2,1,0,0,0
2007,10,SAC,Spencer Hawes,University of Washington,10,684,15541,5932,3893,1271,0.457,0.35,0.716,22.7,8.7,5.7,1.9,22.6,0.07,-0.7,5,0,0,0,0,0
2007,11,ATL,Acie Law,Texas A&M University,4,188,2385,725,195,309,0.413,0.235,0.778,12.7,3.9,1,1.6,1.6,0.032,-5.4,-2,0,0,0,0,0
2007,12,PHI,Thaddeus Young,Georgia Institute of Technology,10,739,22594,10065,4364,1134,0.5,0.327,0.679,30.6,13.6,5.9,1.5,47.3,0.1,0.4,13.6,0,0,0,0,0
2007,13,NOK,Julian Wright,University of Kansas,4,231,3049,907,531,182,0.499,0.262,0.584,13.2,3.9,2.3,0.8,3.9,0.061,-1.3,0.5,0,0,0,0,0
2007,14,LAC,Al Thornton,Florida State University,4,296,8274,3527,1233,353,0.452,0.293,0.747,28,11.9,4.2,1.2,6.1,0.035,-3.5,-3.1,0,0,0,0,0
2008,1,CHI,Derrick Rose,University of Memphis,8,470,16292,9155,1735,2799,0.451,0.298,0.82,34.7,19.5,3.7,6,34.4,0.101,0.6,10.6,3,1,0,0,1
2008,2,MIA,Michael Beasley,Kansas State University,9,509,11973,6411,2387,640,0.458,0.347,0.758,23.5,12.6,4.7,1.3,12.9,0.052,-3.5,-4.4,0,0,0,0,0
2008,3,MIN,O.J. Mayo,University of Southern California,8,547,16919,7574,1706,1607,0.429,0.373,0.82,30.9,13.8,3.1,2.9,21.8,0.062,-0.8,5.1,0,0,0,0,0
2008,4,SEA,Russell Westbrook,"University of California, Los Angeles",9,668,22786,15156,4149,5293,0.433,0.313,0.823,34.1,22.7,6.2,7.9,80.1,0.169,6.5,48.5,6,2,4,0,1
2008,5,MEM,Kevin Love,"University of California, Los Angeles",9,576,18774,10593,6612,1368,0.442,0.364,0.82,32.6,18.4,11.5,2.4,70.6,0.18,3,23.5,4,0,2,0,0
2008,6,NYK,Danilo Gallinari,,8,460,14322,7053,2151,899,0.42,0.37,0.863,31.1,15.3,4.7,2,41,0.137,1.1,11.1,0,0,0,0,0
2008,7,LAC,Eric Gordon,Indiana University,9,492,16471,8151,1251,1559,0.431,0.38,0.816,33.5,16.6,2.5,3.2,26.3,0.077,-0.6,5.7,0,0,0,0,0
2008,8,MIL,Joe Alexander,West Virginia University,2,67,745,282,120,44,0.41,0.34,0.698,11.1,4.2,1.8,0.7,0.5,0.03,-3.3,-0.2,0,0,0,0,0
2008,9,CHA,D.J. Augustin,University of Texas at Austin,9,651,15390,6214,1158,2491,0.402,0.371,0.862,23.6,9.5,1.8,3.8,30.9,0.096,-1.7,1.2,0,0,0,0,0
2008,10,NJN,Brook Lopez,Stanford University,9,562,18118,10444,4005,867,0.506,0.328,0.794,32.2,18.6,7.1,1.5,49.6,0.131,0.9,13.2,1,0,0,0,0
2008,11,IND,Jerryd Bayless,University of Arizona,9,513,10904,4393,1093,1501,0.414,0.366,0.825,21.3,8.6,2.1,2.9,17.6,0.078,-1.7,0.7,0,0,0,0,0
2008,12,SAC,Jason Thompson,Rider University,8,588,14819,5210,3880,635,0.496,0.143,0.657,25.2,8.9,6.6,1.1,23.8,0.077,-1.7,1.3,0,0,0,0,0
2008,13,POR,Brandon Rush,University of Kansas,9,481,10564,3250,1413,468,0.426,0.402,0.706,22,6.8,2.9,1,11.2,0.051,-1.7,0.7,0,0,0,0,0
2008,14,GSW,Anthony Randolph,Louisiana State University,6,252,3841,1789,1078,187,0.453,0.241,0.74,15.2,7.1,4.3,0.7,5.8,0.072,-2.1,-0.1,0,0,0,0,0
2009,1,LAC,Blake Griffin,University of Oklahoma,7,471,16567,10117,4424,1954,0.518,0.299,0.673,35.2,21.5,9.4,4.1,62.4,0.181,4.1,25.6,5,0,3,1,1
2009,2,MEM,Hasheem Thabeet,University of Connecticut,5,224,2357,483,595,27,0.567,,0.578,10.5,2.2,2.7,0.1,4.8,0.099,-1.4,0.4,0,0,0,0,0
2009,3,OKC,James Harden,Arizona State University,8,615,20688,13618,3093,3527,0.442,0.364,0.854,33.6,22.1,5,5.7,91.3,0.212,6,41.7,5,3,0,1,2
2009,4,SAC,Tyreke Evans,University of Memphis,8,473,15233,7631,2254,2417,0.444,0.295,0.757,32.2,16.1,4.8,5.1,23.9,0.075,0.8,10.9,0,0,0,0,0
2009,5,MIN,Ricky Rubio,,6,353,11217,3653,1498,2991,0.375,0.315,0.83,31.8,10.3,4.2,8.5,23.2,0.099,1.3,9.2,0,0,0,0,0
2009,6,MIN,Jonny Flynn,Syracuse University,3,163,3738,1504,307,634,0.4,0.338,0.809,22.9,9.2,1.9,3.9,-1.1,-0.015,-4.9,-2.7,0,0,0,0,0
2009,7,GSW,Stephen Curry,Davidson College,8,574,19897,13088,2502,3917,0.476,0.438,0.901,34.7,22.8,4.4,6.8,84.2,0.203,6.3,41.8,4,2,2,0,2
2009,8,NYK,Jordan Hill,University of Arizona,8,409,7692,3232,2389,322,0.497,0.136,0.699,18.8,7.9,5.8,0.8,16.4,0.102,-2,0,0,0,0,0,0
2009,9,TOR,DeMar DeRozan,University of Southern California,8,595,20275,11456,2424,1661,0.446,0.281,0.828,34.1,19.3,4.1,2.8,44.4,0.105,-0.9,5.5,3,0,0,1,0
2009,10,MIL,Brandon Jennings,,8,541,16639,7728,1628,3107,0.388,0.346,0.795,30.8,14.3,3,5.7,29.8,0.086,0.5,10.5,0,0,0,0,0
2009,11,NJN,Terrence Williams,University of Louisville,4,153,2922,1085,545,364,0.412,0.317,0.659,19.1,7.1,3.6,2.4,-0.2,-0.004,-3.8,-1.4,0,0,0,0,0
2009,12,CHA,Gerald Henderson,Duke University,8,535,13854,5987,1716,1009,0.44,0.327,0.793,25.9,11.2,3.2,1.9,18.3,0.063,-2.2,-0.9,0,0,0,0,0
2009,13,IND,Tyler Hansbrough,University of North Carolina,7,428,7233,2881,1808,181,0.439,0.136,0.738,16.9,6.7,4.2,0.4,20.2,0.134,-2.5,-1,0,0,0,0,0
2009,14,PHO,Earl Clark,University of Louisville,6,261,3630,1138,778,134,0.403,0.328,0.664,13.9,4.4,3,0.5,2.9,0.038,-3.6,-1.5,0,0,0,0,0
2010,1,WAS,John Wall,University of Kentucky,7,500,18031,9419,2217,4610,0.433,0.321,0.791,36.1,18.8,4.4,9.2,40.5,0.108,2.5,20.3,4,0,0,1,0
2010,2,PHI,Evan Turner,Ohio State University,7,534,15048,5619,2668,1968,0.431,0.298,0.782,28.2,10.5,5,3.7,15.9,0.051,-2,-0.1,0,0,0,0,0
2010,3,NJN,Derrick Favors,Georgia Institute of Technology,7,479,12348,5479,3435,510,0.51,0.154,0.664,25.8,11.4,7.2,1.1,33.5,0.13,0.8,8.7,0,0,0,0,0
2010,4,MIN,Wesley Johnson,Syracuse University,7,497,11452,3704,1636,561,0.406,0.337,0.743,23,7.5,3.3,1.1,9,0.038,-1.2,2.3,0,0,0,0,0
2010,5,SAC,DeMarcus Cousins,University of Kentucky,7,487,15570,10308,5267,1468,0.459,0.33,0.736,32,21.2,10.8,3,36.9,0.114,2.6,18.1,3,0,2,0,0
2010,6,GSW,Ekpe Udoh,Baylor University,5,270,4564,1072,860,179,0.429,0,0.72,16.9,4,3.2,0.7,5.7,0.06,-1.1,1,0,0,0,0,0
2010,7,DET,Greg Monroe,Georgetown University,7,538,15955,7572,4707,1216,0.511,0,0.705,29.7,14.1,8.7,2.3,45.2,0.136,2,16.2,0,0,0,0,0
2010,8,LAC,Al-Farouq Aminu,Wake Forest University,7,520,12520,3766,2948,639,0.426,0.324,0.725,24.1,7.2,5.7,1.2,17.4,0.067,-0.3,5.2,0,0,0,0,0
2010,9,UTA,Gordon Hayward,Butler University,7,516,16164,8077,2149,1762,0.444,0.368,0.82,31.3,15.7,4.2,3.4,43,0.128,2,16.3,1,0,0,0,0
2010,10,IND,Paul George,"California State University, Fresno",7,448,14692,8090,2816,1419,0.432,0.37,0.85,32.8,18.1,6.3,3.2,44.5,0.145,3.8,21.3,4,0,0,3,0
2010,11,NOH,Cole Aldrich,University of Kansas,7,318,3340,1038,1116,180,0.531,,0.748,10.5,3.3,3.5,0.6,9.6,0.137,1.2,2.7,0,0,0,0,0
2010,12,MEM,Xavier Henry,University of Kansas,5,185,2905,1050,351,120,0.406,0.325,0.635,15.7,5.7,1.9,0.6,0.8,0.013,-5.1,-2.3,0,0,0,0,0
2010,13,TOR,Ed Davis,University of North Carolina,7,481,10036,3278,3063,398,0.562,0,0.568,20.9,6.8,6.4,0.8,30.5,0.146,1.1,7.9,0,0,0,0,0
2010,14,HOU,Patrick Patterson,University of Kentucky,7,477,11434,3746,2233,578,0.459,0.368,0.744,24,7.9,4.7,1.2,25,0.105,0.7,7.9,0,0,0,0,0
2011,1,CLE,Kyrie Irving,Duke University,6,381,13024,8232,1290,2114,0.457,0.383,0.873,34.2,21.6,3.4,5.5,40.4,0.149,2.9,16.2,4,0,0,1,0
2011,2,MIN,Derrick Williams,University of Arizona,6,426,8855,3807,1692,293,0.434,0.3,0.71,20.8,8.9,4,0.7,14.1,0.076,-3.2,-2.6,0,0,0,0,0
2011,3,UTA,Enes Kanter,,6,445,9479,5031,2997,269,0.53,0.299,0.768,21.3,11.3,6.7,0.6,26.6,0.135,-2.5,-1.3,0,0,0,0,0
2011,4,CLE,Tristan Thompson,University of Texas at Austin,6,466,13381,4378,4026,385,0.515,0,0.611,28.7,9.4,8.6,0.8,34.9,0.125,-0.5,5,0,0,0,0,0
2011,5,TOR,Jonas Valanciunas,,5,363,9483,4160,3085,240,0.556,0.25,0.781,26.1,11.5,8.5,0.7,33.6,0.17,-0.5,3.7,0,0,0,0,0
2011,6,WAS,Jan Vesely,,3,162,2455,590,562,96,0.521,0,0.408,15.2,3.6,3.5,0.6,4,0.078,-0.6,0.9,0,0,0,0,0
2011,7,SAC,Bismack Biyombo,,6,447,9557,2176,2945,189,0.512,0,0.553,21.4,4.9,6.6,0.4,18,0.09,-2.1,-0.2,0,0,0,0,0
2011,8,DET,Brandon Knight,University of Kentucky,6,382,11939,5820,1277,1629,0.415,0.357,0.812,31.3,15.2,3.3,4.3,11.6,0.047,-1.2,2.3,0,0,0,0,0
2011,9,CHA,Kemba Walker,University of Connecticut,6,443,15008,8137,1708,2380,0.411,0.351,0.827,33.9,18.4,3.9,5.4,32.6,0.104,2.2,15.8,1,0,0,0,0
2011,10,MIL,Jimmer Fredette,Brigham Young University,5,235,3148,1416,236,323,0.412,0.381,0.876,13.4,6,1,1.4,2.4,0.037,-4,-1.6,0,0,0,0,0
2011,11,GSW,Klay Thompson,Washington State University,6,464,15182,8854,1554,1045,0.453,0.419,0.853,32.7,19.1,3.3,2.3,36.6,0.116,0.5,9.6,3,0,0,2,0
2011,12,UTA,Alec Burks,University of Colorado,6,301,6618,3034,877,534,0.428,0.36,0.752,22,10.1,2.9,1.8,9.6,0.07,-2.1,-0.2,0,0,0,0,0
2011,13,PHO,Markieff Morris,University of Kansas,6,448,11801,5338,2511,759,0.447,0.331,0.774,26.3,11.9,5.6,1.7,18.8,0.077,-0.7,4,0,0,0,0,0
2011,14,HOU,Marcus Morris,University of Kansas,6,416,10916,4513,1767,647,0.428,0.355,0.717,26.2,10.8,4.2,1.6,19,0.084,-0.4,4.5,0,0,0,0,0
2012,1,NOH,Anthony Davis,University of Kentucky,5,335,11531,7497,3402,590,0.513,0.29,0.787,34.4,22.4,10.2,1.8,48.8,0.203,4.1,17.7,4,2,0,0,0
2012,2,CHA,Michael Kidd-Gilchrist,University of Kentucky,5,283,7668,2582,1805,369,0.47,0.206,0.712,27.1,9.1,6.4,1.3,15.5,0.097,-0.9,2.1,0,0,0,0,0
2012,3,WAS,Bradley Beal,University of Florida,5,324,10774,5728,1153,1003,0.441,0.399,0.796,33.3,17.7,3.6,3.1,21.9,0.098,0.3,6.2,0,0,0,0,0
2012,4,CLE,Dion Waiters,Syracuse University,5,335,9572,4438,891,909,0.413,0.346,0.698,28.6,13.2,2.7,2.7,7.4,0.037,-2.5,-1.1,0,0,0,0,0
2012,5,SAC,Thomas Robinson,University of Kansas,5,313,4204,1528,1507,190,0.47,0,0.505,13.4,4.9,4.8,0.6,4.6,0.053,-3.2,-1.3,0,0,0,0,0
2012,6,POR,Damian Lillard,Weber State University,5,396,14399,8880,1593,2447,0.43,0.37,0.877,36.4,22.4,4,6.2,45.5,0.152,3.2,18.7,2,0,1,1,0
2012,7,GSW,Harrison Barnes,University of North Carolina,5,386,11425,4605,1816,563,0.453,0.37,0.776,29.6,11.9,4.7,1.5,22.2,0.093,-1,2.9,0,0,0,0,0
2012,8,TOR,Terrence Ross,University of Washington,5,387,9192,3731,1013,362,0.423,0.374,0.803,23.8,9.6,2.6,0.9,14.6,0.076,-0.9,2.6,0,0,0,0,0
2012,9,DET,Andre Drummond,University of Connecticut,5,385,11439,5120,4945,277,0.548,0.263,0.381,29.7,13.3,12.8,0.7,36.1,0.151,0.7,7.7,1,0,0,1,0
2012,10,NOH,Austin Rivers,Duke University,5,347,7838,2919,681,745,0.418,0.345,0.651,22.6,8.4,2,2.1,5.5,0.033,-3.1,-2.1,0,0,0,0,0
2012,11,POR,Meyers Leonard,University of Illinois at Urbana-Champaign,5,299,4963,1714,1167,246,0.461,0.371,0.825,16.6,5.7,3.9,0.8,9.4,0.091,-2.1,-0.1,0,0,0,0,0
2012,12,HOU,Jeremy Lamb,University of Connecticut,5,276,4688,2214,830,316,0.439,0.324,0.823,17,8,3,1.1,10.5,0.108,-1.4,0.7,0,0,0,0,0
2012,13,PHO,Kendall Marshall,University of North Carolina,4,160,3083,802,253,779,0.399,0.37,0.611,19.3,5,1.6,4.9,1,0.015,-5.6,-2.8,0,0,0,0,0
2012,14,MIL,John Henson,University of North Carolina,5,315,5994,2418,1622,314,0.534,0,0.572,19,7.7,5.1,1,13.8,0.111,0.5,3.8,0,0,0,0,0
2013,1,CLE,Anthony Bennett,"University of Nevada, Las Vegas",4,151,1905,658,472,77,0.392,0.261,0.67,12.6,4.4,3.1,0.5,0.5,0.013,-5.6,-1.7,0,0,0,0,0
2013,2,ORL,Victor Oladipo,Indiana University,4,291,9661,4618,1267,1080,0.434,0.346,0.8,33.2,15.9,4.4,3.7,13.7,0.068,-0.1,4.7,0,0,0,0,0
2013,3,WAS,Otto Porter,Georgetown University,4,266,6632,2469,1183,316,0.481,0.389,0.774,24.9,9.3,4.4,1.2,17.7,0.128,1.7,6.2,0,0,0,0,0
2013,4,CHA,Cody Zeller,Indiana University,4,279,6402,2239,1575,362,0.5,0.154,0.734,22.9,8,5.6,1.3,18.4,0.138,0.6,4.2,0,0,0,0,0
2013,5,PHO,Alex Len,University of Maryland,4,266,5261,1834,1657,177,0.465,0.227,0.716,19.8,6.9,6.2,0.7,7.9,0.072,-2.5,-0.6,0,0,0,0,0
2013,6,NOH,Nerlens Noel,University of Kentucky,3,193,5323,1936,1447,300,0.511,0.333,0.618,27.6,10,7.5,1.6,11,0.099,1.2,4.3,0,0,0,0,0
2013,7,SAC,Ben McLemore,University of Kansas,4,293,7476,2742,753,352,0.417,0.352,0.78,25.5,9.4,2.6,1.2,3.9,0.025,-2.6,-1.2,0,0,0,0,0
2013,8,DET,Kentavious Caldwell-Pope,University of Georgia,4,314,9488,3665,941,495,0.405,0.334,0.785,30.2,11.7,3,1.6,14.5,0.073,-0.1,4.6,0,0,0,0,0
2013,9,MIN,Trey Burke,University of Michigan,4,267,6619,2832,571,972,0.39,0.337,0.813,24.8,10.6,2.1,3.6,5.9,0.043,-2.5,-0.9,0,0,0,0,0
2013,10,POR,C.J. McCollum,Lehigh University,4,260,7025,4128,687,717,0.459,0.413,0.844,27,15.9,2.6,2.8,15.7,0.107,0.2,3.9,0,0,0,0,0
2013,11,PHI,Michael Carter-Williams,Syracuse University,4,235,7058,3053,1219,1277,0.407,0.252,0.696,30,13,5.2,5.4,3.5,0.024,-0.8,2.2,0,0,0,0,0
2013,12,OKC,Steven Adams,University of Pittsburgh,4,311,7371,2343,2001,257,0.568,0,0.571,23.7,7.5,6.4,0.8,19.9,0.13,0.9,5.3,0,0,0,0,0
2013,13,DAL,Kelly Olynyk,Gonzaga University,4,278,5756,2628,1310,471,0.477,0.368,0.743,20.7,9.5,4.7,1.7,14.7,0.122,1.1,4.5,0,0,0,0,0
2013,14,UTA,Shabazz Muhammad,"University of California, Los Angeles",4,235,4354,2290,694,137,0.476,0.323,0.749,18.5,9.7,3,0.6,7.7,0.085,-3.9,-2.1,0,0,0,0,0
2014,1,CLE,Andrew Wiggins,University of Kansas,3,245,8862,4995,993,523,0.45,0.329,0.76,36.2,20.4,4.1,2.1,10.3,0.056,-2.4,-0.8,0,0,0,0,0
2014,2,MIL,Jabari Parker,Duke University,3,152,4874,2403,847,314,0.491,0.341,0.748,32.1,15.8,5.6,2.1,9,0.088,-1.3,0.9,0,0,0,0,0
2014,3,PHI,Joel Embiid,University of Kansas,1,31,786,627,243,66,0.466,0.367,0.783,25.4,20.2,7.8,2.1,1.9,0.117,3.1,1,0,0,0,0,0
2014,4,ORL,Aaron Gordon,University of Arizona,3,205,4958,1981,1081,311,0.46,0.289,0.699,24.2,9.7,5.3,1.5,10.1,0.098,-0.1,2.4,0,0,0,0,0
2014,5,UTA,Dante Exum,,2,148,3045,805,263,309,0.385,0.308,0.743,20.6,5.4,1.8,2.1,1.1,0.017,-3.3,-1,0,0,0,0,0
2014,6,BOS,Marcus Smart,Oklahoma State University,3,207,5874,1916,782,757,0.358,0.291,0.762,28.4,9.3,3.8,3.7,9,0.073,0.4,3.6,0,0,0,0,0
2014,7,LAL,Julius Randle,University of Kentucky,3,156,4432,1896,1465,408,0.457,0.273,0.717,28.4,12.2,9.4,2.6,5.1,0.055,-1.9,0.1,0,0,0,0,0
2014,8,SAC,Nik Stauskas,University of Michigan,3,226,5124,1692,497,393,0.386,0.343,0.807,22.7,7.5,2.2,1.7,2.4,0.022,-3.2,-1.5,0,0,0,0,0
2014,9,CHH,Noah Vonleh,Indiana University,3,177,2698,693,778,65,0.444,0.291,0.678,15.2,3.9,4.4,0.4,3.4,0.061,-4.1,-1.4,0,0,0,0,0
2014,10,PHI,Elfrid Payton,University of Louisiana at Lafayette,3,237,7046,2555,997,1530,0.446,0.289,0.611,29.7,10.8,4.2,6.5,8.9,0.061,-0.4,2.9,0,0,0,0,0
2014,11,DEN,Doug McDermott,Creighton University,3,183,3690,1465,417,123,0.446,0.394,0.836,20.2,8,2.3,0.7,5.4,0.07,-3.7,-1.6,0,0,0,0,0
2014,12,ORL,Dario Saric,,1,81,2129,1040,513,182,0.411,0.311,0.782,26.3,12.8,6.3,2.2,1,0.023,-2.2,-0.1,0,0,0,0,0
2014,13,MIN,Zach LaVine,"University of California, Los Angeles",3,206,5945,2817,602,666,0.445,0.378,0.821,28.9,13.7,2.9,3.2,4.9,0.039,-2,-0.1,0,0,0,0,0
2014,14,PHO,T.J. Warren,North Carolina State University,3,153,3732,1711,571,144,0.502,0.312,0.751,24.4,11.2,3.7,0.9,7.4,0.095,-0.8,1.1,0,0,0,0,0
2015,1,MIN,Karl-Anthony Towns,University of Kentucky,2,164,5657,3564,1865,381,0.542,0.361,0.824,34.5,21.7,11.4,2.3,20.9,0.177,3.9,8.4,0,0,0,0,0
2015,2,LAL,D'Angelo Russell,Ohio State University,2,143,4070,2038,495,569,0.408,0.351,0.759,28.5,14.3,3.5,4,1.3,0.015,-1.2,0.8,0,0,0,0,0
2015,3,PHI,Jahlil Okafor,Duke University,2,103,2725,1518,613,123,0.51,0.167,0.679,26.5,14.7,6,1.2,2.4,0.043,-3.8,-1.2,0,0,0,0,0
2015,4,NYK,Kristaps Porzingis,,2,138,4211,2224,1001,191,0.436,0.346,0.811,30.5,16.1,7.3,1.4,8.9,0.101,0.2,2.3,0,0,0,0,0
2015,5,ORL,Mario Hezonja,,2,144,2373,795,322,171,0.398,0.327,0.856,16.5,5.5,2.2,1.2,0.2,0.004,-4,-1.2,0,0,0,0,0
2015,6,SAC,Willie Cauley-Stein,University of Kentucky,2,141,2833,1074,691,117,0.544,0,0.659,20.1,7.6,4.9,0.8,6.8,0.115,-0.3,1.2,0,0,0,0,0
2015,7,DEN,Emmanuel Mudiay,,2,123,3474,1475,410,589,0.369,0.317,0.721,28.2,12,3.3,4.8,-1.9,-0.027,-4.1,-1.8,0,0,0,0,0
2015,8,DET,Stanley Johnson,University of Arizona,2,150,3058,932,495,223,0.367,0.301,0.748,20.4,6.2,3.3,1.5,1,0.016,-2.3,-0.2,0,0,0,0,0
2015,9,CHO,Frank Kaminsky,University of Wisconsin,2,156,3662,1480,671,260,0.403,0.331,0.743,23.5,9.5,4.3,1.7,5.6,0.073,-1.4,0.6,0,0,0,0,0
2015,10,MIA,Justise Winslow,Duke University,2,96,2857,698,497,183,0.4,0.258,0.665,29.8,7.3,5.2,1.9,2.4,0.04,-1.1,0.6,0,0,0,0,0
2015,11,IND,Myles Turner,University of Texas at Austin,2,141,3908,1792,921,147,0.506,0.333,0.785,27.7,12.7,6.5,1,11.1,0.136,0.7,2.7,0,0,0,0,0
2015,12,UTA,Trey Lyles,University of Kentucky,2,151,2540,928,534,128,0.4,0.343,0.708,16.8,6.1,3.5,0.8,3,0.057,-2.9,-0.6,0,0,0,0,0
2015,13,PHO,Devin Booker,University of Kentucky,2,154,4838,2774,436,468,0.423,0.354,0.835,31.4,18,2.8,3,3.9,0.038,-2.6,-0.8,0,0,0,0,0
2015,14,OKC,Cameron Payne,Murray State University,2,88,1160,443,133,163,0.378,0.32,0.75,13.2,5,1.5,1.9,1,0.042,-3.6,-0.5,0,0,0,0,0
2016,1,PHI,Ben Simmons,Louisiana State University,,,,,,,,,,,,,,,,,,0,0,0,0,0
2016,2,LAL,Brandon Ingram,Duke University,1,79,2279,740,316,166,0.402,0.294,0.621,28.8,9.4,4,2.1,-0.3,-0.007,-3.8,-1.1,0,0,0,0,0
2016,3,BOS,Jaylen Brown,University of California,1,78,1341,515,220,64,0.454,0.341,0.685,17.2,6.6,2.8,0.8,1.5,0.053,-4,-0.7,0,0,0,0,0
2016,4,PHO,Dragan Bender,,1,43,574,146,103,23,0.354,0.277,0.364,13.3,3.4,2.4,0.5,-0.3,-0.029,-4.3,-0.3,0,0,0,0,0
2016,5,MIN,Kris Dunn,Providence College,1,78,1333,293,166,188,0.377,0.288,0.61,17.1,3.8,2.1,2.4,0.1,0.004,-2.2,-0.1,0,0,0,0,0
2016,6,NOP,Buddy Hield,University of Oklahoma,1,82,1888,866,269,121,0.426,0.391,0.842,23,10.6,3.3,1.5,1.3,0.032,-2.7,-0.4,0,0,0,0,0
2016,7,DEN,Jamal Murray,University of Kentucky,1,82,1764,811,214,170,0.404,0.334,0.883,21.5,9.9,2.6,2.1,1.3,0.037,-2.6,-0.3,0,0,0,0,0
2016,8,SAC,Marquese Chriss,University of Washington,1,82,1743,753,348,60,0.449,0.321,0.624,21.3,9.2,4.2,0.7,1.8,0.05,-1.6,0.2,0,0,0,0,0
2016,9,TOR,Jakob Poeltl,University of Utah,1,54,626,165,165,12,0.583,,0.544,11.6,3.1,3.1,0.2,1.6,0.125,-0.7,0.2,0,0,0,0,0
2016,10,MIL,Thon Maker,,1,57,562,226,114,23,0.459,0.378,0.653,9.9,4,2,0.4,1.3,0.113,-1.5,0.1,0,0,0,0,0
2016,11,ORL,Domantas Sabonis,Gonzaga University,1,81,1632,479,288,82,0.399,0.321,0.657,20.1,5.9,3.6,1,0.8,0.022,-4.8,-1.2,0,0,0,0,0
2016,12,UTA,Taurean Prince,Baylor University,1,59,981,335,157,55,0.4,0.324,0.787,16.6,5.7,2.7,0.9,1.1,0.054,-2.3,-0.1,0,0,0,0,0
2016,13,PHO,Georgios Papagiannis,,1,22,355,124,86,20,0.549,0,0.857,16.1,5.6,3.9,0.9,0.4,0.057,-2.7,-0.1,0,0,0,0,0
2016,14,CHI,Denzel Valentine,Michigan State University,1,57,976,291,151,63,0.354,0.351,0.778,17.1,5.1,2.6,1.1,0.6,0.031,-2.7,-0.2,0,0,0,0,0